question,answer
"小惠看見欲搭乘的000號公車已駛離停靠站，公車恰巧碰到紅燈暫停，小惠便穿梭車陣，到該公車停靠處敲門要司機開門上車，然而公車司機阿奇搖手予以拒絕，請問公車司機阿奇拒絕小惠在馬路中央上車的法律依據？
","一、道路交通管理處罰條例第55條第1項規定：「汽車駕駛人，臨時停車有下列情形之一者，處新臺幣三百元以上六百元以下罰鍰：……四、不依順行之方向，或不緊靠道路右側，或單行道不緊靠路邊，或併排臨時停車。……」。
二、本案例中，若公車司機阿奇在馬路中央開門讓小惠上車，將違反未緊靠路邊停車之行政義務，得依法處罰300元以上600元以下罰鍰，故阿奇拒絕小惠在馬路中央上公車係有理由。馬路中央載客將使乘客暴露在被後車追撞風險中，路面上的其他駕駛還會因少一個車道而承受交通堵塞，小惠與公車司機阿奇均應遵守交通規則，保護自己也保護他人，避免憾事發生。"
"小嫻與阿如為親密的好友，小嫻無意間瞥見阿如的手機解鎖密碼，竟趁阿如使用洗手間時，擅自以阿如的密碼解鎖阿如的手機，偷看阿如與他人之通話紀錄，阿如發現後難過又生氣。請問小嫻這樣的行為是否有法律責任？
",一、民法第195條第1項規定：「不法侵害他人之身體、健康、名譽、自由、信用、隱私、貞操，或不法侵害其他人格法益而情節重大者，被害人雖非財產上之損害，亦得請求賠償相當之金額。……」二、中華民國刑法第358條規定：「無故輸入他人帳號密碼、破解使用電腦之保護措施或利用電腦系統之漏洞，而入侵他人之電腦或其相關設備者，處3 年以下有期徒刑、拘役或科或併科10萬元以下罰金。」三、鑒於電腦系統或其相關設備遭惡意入侵後，系統管理者須耗費大量之時間人力檢查，為防此種行為之危害性，應科以行為人刑事責任，始能確保系統之安全性。小嫻未經阿如同意，擅自以阿如的密碼解鎖阿如的手機，無故入侵阿如之手機、閱覽阿如與他人間非公開之LINE對話紀錄，侵害阿如的隱私，除了可能需負擔民事賠償責任之外，更可能構成無故入侵他人電腦相關設備之刑責。小嫻與阿如雖係親密好友，但關係越好，越需要把握分寸，尊重朋友的隱私，才能維持友誼長存！
"長期旅居國外的大偉，正計畫回國在臺中市工作定居，大偉有做木工DIY的興趣，打算搬回來時帶著工具，之後慢慢自己動手打造適合自己的家跟家具，因此想事先瞭解，如果在臺中市的住宅區，要操作切割機裁切木料等會發出一定聲響之動力機械，有沒有什麼相關限制呢？
","一、公寓大廈管理條例第3條規定：「本條例用辭定義如下：……十二、規約：公寓大廈區分所有權人為增進共同利益，確保良好生活環境，經區分所有權人會議決議之共同遵守事項。」、第6條規定：「（第1項）住戶應遵守下列事項：一、於維護、修繕專有部分、約定專用部分或行使其權利時，不得妨害其他住戶之安寧、安全及衛生。……五、其他法令或規約規定事項。……（第3項）住戶違反第一項規定，經協調仍不履行時，住戶、管理負責人或管理委員會得按其性質請求各該主管機關或訴請法院為必要之處置。」、第16條規定：「（第1項）住戶不得任意棄置垃圾、排放各種污染物、惡臭物質或發生喧囂、振動及其他與此相類之行為。……、（第5項）住戶違反前四項規定時，管理負責人或管理委員會應予制止或按規約處理，經制止而不遵從者，得報請直轄市、縣（市）主管機關處理。」、第47條規定：「有下列行為之一者，由直轄市、縣（市）主管機關處新臺幣3千元以上1萬5千元以下罰鍰，並得令其限期改善或履行義務、職務；屆期不改善或不履行者，得連續處罰：……二、住戶違反第十六條第一項或第四項規定者。三、區分所有權人或住戶違反第六條規定，主管機關受理住戶、管理負責人或管理委員會之請求，經通知限期改善，屆期不改善者。」
二、社會秩序維護法第72條規定：「有左列各款行為之一者，處新臺幣6千元以下罰鍰：……三、製造噪音或深夜喧嘩，妨害公眾安寧者。」
三、噪音管制法第3條規定：「本法所稱噪音，指超過管制標準之聲音。」、第7條第1項規定：「直轄市及縣（市）主管機關得視轄境內噪音狀況劃定公告各類噪音管制區，並應定期檢討，重新劃定公告之；其管制區之劃分原則、劃定程序及其他應遵行事項之準則，由中央主管機關定之。」、第8條規定：「（第1項）噪音管制區內，於直轄市、縣（市）主管機關公告之時間、地區或場所不得從事下列行為致妨害他人生活環境安寧：……四、其他經主管機關公告之行為。」、第9條規定：「（第1項）噪音管制區內之下列場所、工程及設施，所發出之聲音不得超出噪音管制標準：……六、其他經主管機關公告之場所、工程及設施。（第2項）前項各款噪音管制之音量及測定之標準，由中央主管機關定之。」、第23條規定「違反第八條規定者，處新臺幣3千元以上3萬元以下罰鍰，並令其立即改善；未遵行者，按次處罰。」、第24條規定：「（第1項）違反第九條第一項規定，經限期改善仍未符合噪音管制標準者，得依下列規定按次或按日連續處罰，或令其停工、停業或停止使用，至符合噪音管制標準時為止；其為第十條第一項取得許可證之設施，必要時並得廢止其許可證：……五、其他經公告之場所、工程及設施：處新臺幣3千元以上3萬元以下罰鍰。（第2項）前項限期改善之期限規定如下：……依本法第九條第一項第六款公告之場所、工程及設施，其改善期限由主管機關於公告時定之，最長不得超過九十日。」
四、總結建議：（一）大偉可先瞭解其計畫入住之社區規約，是否有限制假日使用動力機械施作木工之相關規定，如有，應依公寓大廈管理條例第6條予以遵守；如規約無相關規定，依同法第16條，亦宜事先與周遭鄰居、社區管理委員會或管理負責人協商施作之時段，否則可能會被依同法第47條處以新臺幣3千元以上1萬5千元以下罰鍰；縱大偉計畫入住之社區並不適用公寓大廈管理條例，若其施作木工製造噪音達到妨害公眾安寧之程度，亦可能被依社會秩序維護法第72條處以6千元以下罰鍰。（二）大偉亦須注意在直轄市、縣（市）主管機關公告之噪音管制區內，依噪音管制法第8條皆已公告相關之時間限制，而臺中市政府亦公告：「於本市各類噪音管制區住宅及公寓大廈晚上10時至翌日上午8時及例假日（含國定假日）中午12時至下午2時，不得使用動力機械從事裝修工程致妨礙安寧之行為。」，若在前開公告禁止時段仍使用動力機械施作木工，將違反噪音管制法第23條規定，而被處以新臺幣3千元以上3萬元以下罰鍰，且須立即改善，未改善者，會按次處罰。（三）並且無論於任何時段，若施作木工的噪音超出噪音管制法第9條規定的管制標準時，主管機關得依據同法第24條規定，要求限期改善，如期限過後仍未符合噪音標準者，得按日或按次處以新臺幣3千元以上3萬元以下罰鍰。因此大偉也可以考慮隔音措施來降低聲量，例如為機械安裝滅聲器、在工作檯及機械底下放置膠墊。（四）我國因地狹人稠，人們的生活空間變得越來越緊密，難免互相影響，相關的限制規定，核心精神都在於調和彼此居住安寧之權利及得在住處自由從事合理之生活起居活動之權利，以木工為興趣的大偉願意在回國定居前瞭解相關限制，敦親睦鄰，真是一個稱職的現代社會好公民。"
請求國家賠償可以委任代理人嗎？,請求權人如因事務繁忙無法親自進行程序，或需要具有專業知識人士協助，可以委任代理人進行程序。但必須在最初為協議行為時，提出委任書，委任書格式可至此下載(https://www.legal.taichung.gov.tw/334447/post)。
"年滿20歲的大三學生阿士於校外便利商店前，將菸蒂往水溝蓋孔丟，經同學勸阻，阿士卻表示丟水溝才符合垃圾不落地、其沒有違法。請問阿士上述將菸蒂丟進水溝的行為是否有法律上責任？
","一、廢棄物清理法第27條規定：「在指定清除地區內嚴禁有下列行為：……二、污染地面、池溏、水溝、牆壁、樑柱、電桿、樹木、道路、橋樑或其他土地定著物。……八、於水溝棄置雜物。……」。
二、廢棄物清理法第50條規定：「有下列情形之一者，處新臺幣一千二百元以上六千元以下罰鍰。經限期改善，屆期仍未完成改善者，按日連續處罰：……三、為第二十七條各款行為之一。」
三、本案例中，阿士將菸蒂丟進水溝的行為，違反禁止污染水溝、於水溝棄置雜物等行政義務，得依法處罰阿士1,200元以上6,000元以下罰鍰。為有效清除、處理廢棄物，改善環境衛生，維護國民健康，我國特制定廢棄物清理法。而水溝之用途為雨水排水，雨水被一路送至河川、直通海洋，途中沒有經過污水處理廠，亦即並無過濾菸蒂的機制。菸蒂有塑膠成份，每根至少要花費約15年才能分解，且含焦油等對環境有毒之化學物質。菸蒂是淨灘海廢數量的第3名，如果我們捨不得將菸蒂扔進魚缸，那就不應該把水溝當成煙灰缸喔！"
"16歲的小明剛開始高中生活，但因適應不良，在學業上也一直難有表現，一時灰心，便開始與一些不良朋友交往，行為稍有些偏差；小明爸媽雖然知道這些情形，但總覺得小明只是年少貪玩，並不以為意。某日，小明與朋友們玩大冒險遊戲，大夥煽動小明至便利商店偷取啤酒1瓶，但沒想到，當場被就被店員發現並報警處理。小明爸媽在接獲警察局通知後，才知道小明因竊盜案件被警方帶到警察局。請問小明爸媽是否有責任呢？
","一、民法第187條規定：「（第1項）無行為能力人或限制行為能力人，不法侵害他人之權利者，以行為時有識別能力為限，與其法定代理人連帶負損害賠償責任。行為時無識別能力者，由其法定代理人負損害賠償責任。（第2項）前項情形，法定代理人如其監督並未疏懈，或縱加以相當之監督，而仍不免發生損害者，不負賠償責任。（第3項）如不能依前二項規定受損害賠償時，法院因被害人之聲請，得斟酌行為人及其法定代理人與被害人之經濟狀況，令行為人或其法定代理人為全部或一部之損害賠償。……」。
二、少年事件處理法第2條規定：「本法稱少年者，謂12歲以上18歲未滿之人。」。
三、少年事件處理法第3條規定：「（第1項）下列事件，由少年法院依本法處理之：一、少年有觸犯刑罰法律之行為者。二、少年有下列情形之一，而認有保障其健全自我成長之必要者：（一）無正當理由經常攜帶危險器械。（二）有施用毒品或迷幻物品之行為而尚未觸犯刑罰法律。（三）有預備犯罪或犯罪未遂而為法所不罰之行為。（第2項）前項第二款所指之保障必要，應依少年之性格及成長環境、經常往來對象、參與團體、出入場所、生活作息、家庭功能、就學或就業等一切情狀而為判斷。」。
四、少年事件處理法第84條規定：「（第1項）少年之法定代理人，因忽視教養，致少年有第3條第1項之情形，而受保護處分或刑之宣告，或致保護處分之執行難收效果者，少年法院得裁定命其接受8小時以上50小時以下之親職教育輔導，以強化其親職功能。…（第5項）拒不接受親職教育輔導或時數不足者，少年法院得裁定處新臺幣6千元以上3萬元以下罰鍰；經再通知仍不接受者，得按次連續處罰，至其接受為止。其經連續處罰三次以上者，並得裁定公告法定代理人之姓名。（第6項）前項罰鍰之裁定，得為民事強制執行名義，由少年法院囑託各該地方法院民事執行處強制執行之，免徵執行費。（第7項）少年之法定代理人有第一項情形，情況嚴重者，少年法院並得裁定公告其姓名。」。
五、為避免少年因身心發展尚未完全、思慮亦欠周全，更缺乏相關社會生活經驗，而做出自己無能負責的事情，或被成年人利用欺騙，我國立法政策上多選擇減免少年相關法律責任，以保護少年身心健康及人格健全成長。但少年法律責任之減輕，並不等於家長（法定代理人）可免除其保護教養義務，本案例中，小明父母未注意小明因環境適應問題所生行為偏差，亦未能即時給予關懷及輔導，使小明誤交損友而釀成錯誤，除需與小明共同負擔民事損害賠償責任外；小明所涉犯之刑事案件，如經少年法院認定係因父母疏忽教養，而致小明觸犯刑罰時，少年法院得命小明父母接受親職教育。教育並非只是學校的責任，仍須仰賴家庭教育共同合作，透過父母協助，除可協助少年矯正不良行為、矯治其性格外，更可保護少年健全自我成長！"
"甜甜的爸爸在她小時候就過世了，她與媽媽相依為命，但因為家庭經濟狀況不佳，甜甜的媽媽每天都必需工作到很晚，沒辦法花很多時間教育她、陪伴她；然而，體貼的甜甜總是很認真的唸書，希望將來長大可以找到一份好工作，讓媽媽不要讓那麼辛苦。甜甜上了高中以後，為了學好英文，很想要有一台電子辭典，但她知道價格不便宜，一直不敢跟媽媽開口；甜甜的好友美麗因為知道甜甜家裡的狀況，便把她所有的電子辭典借給甜甜使用，但過沒多久，美麗發現甜甜除了拿來查詢單字外，更沉迷在裡面的遊戲，美麗認為這樣不好，便要求甜甜要把電子辭典還給自己，甜甜覺得很沒面子，所以在歸還之前，故意把電子辭典摔到地上，讓它裂成兩半，這樣的行為讓美麗既難過又生氣。請問：甜甜這樣的行為是否會構成犯罪呢？
",一、民法第184條第1項規定：「因故意或過失，不法侵害他人之權利者，負損害賠償責任。故意以背於善良風俗之方法，加損害於他人者亦同。」二、民法第468條規定：「（第1項）借用人應以善良管理人之注意，保管借用物。（第2項）借用人違反前項義務，致借用物毀損、滅失者，負損害賠償責任。但依約定之方法或依物之性質而定之方法使用借用物，致有變更或毀損者，不負責任。」三、中華民國刑法第354條規定：「毀棄、損壞前2條以外之他人之物或致令不堪用，足以生損害於公眾或他人者，處2年以下有期徒刑、拘役或1萬5千元以下罰金。」四、甜甜為了把英文學好而想要一台電子辭典，又不希望造成媽媽經濟上的負擔，慶幸有好友美麗的幫助，讓她免費使用電子辭典，但甜甜故意摔壞美麗所有的電子辭典，讓它無法繼續使用，除了可能需負擔民事上的賠償責任之外，更可能構成毀損罪之刑責，而甜甜雖然發洩了自己的情緒，但卻必須負擔相關法律上的責任，更失去了一個關心她的好朋友，真的是得不償失！
"阿義因為好賭而負債累累，債主屢次上門討債，更讓阿義不堪其擾。阿義想起家中老父親名下有許多房產，價值不斐，於是動起歪腦筋，偽造了老父親的遺囑，把老父親所有房產全都指定由阿義一人繼承，排除了其他兄弟姐妹。請問阿義這麼做，會不會影響他的繼承權利呢？
","一、民法第1145條規定：「（第1項）有左列各款情事之一者，喪失其繼承權：一、故意致被繼承人或應繼承人於死或雖未致死因而受刑之宣告者。二、以詐欺或脅迫使被繼承人為關於繼承之遺囑，或使其撤回或變更之者。三、以詐欺或脅迫妨害被繼承人為關於繼承之遺囑，或妨害其撤回或變更之者。四、偽造、變造、隱匿或湮滅被繼承人關於繼承之遺囑者。五、對於被繼承人有重大之虐待或侮辱情事，經被繼承人表示其不得繼承者。（第2項）前項第二款至第四款之規定，如經被繼承人宥恕者，其繼承權不喪失。」。
二、中華民國刑法第210條規定：「偽造、變造私文書，足以生損害於公眾或他人者，處五年以下有期徒刑。」。
三、民法關於繼承相關規定，除了規範被繼承人死後財產歸屬之外，亦強調被繼承人之個人意思自由，尊重被繼承人對於其遺產分配之選擇。
本案例中，阿義為解決自己債務問題，偽造老父親之遺囑，並將老父親所有之房產全部指定由自己繼承，且排除其他兄弟姐妹繼承權利，阿義此舉涉及民法1145條第1項第4款所定喪失繼承權事由，除非阿義的老父親願意原諒他並宥恕此舉，否則，阿義將喪失繼承老父親財產的權利，甚至可能構成刑法第210條所稱偽造私文書罪，真的是得不償失！"
"小妮就讀於個國中二年級，個性活潑的她也很喜歡在社群網路上跟同學們分享自己的生活點滴；但小妮發現隨著她網路社群媒體上的追蹤人數增加，攻擊或是謾罵的留言也越來越多，其中也不乏來自於同校同學的攻擊言論，這讓小妮非常難過，漸漸地也不太喜歡上學，影響了她原有的求學生活。我們應該如何正確認識校園霸凌？應該如何處理類似事件呢？
","一、教育基本法第8條規定：「……（第2項）學生之學習權、受教育權、身體自主權及人格發展權，國家應予保障，並使學生不受任何體罰及霸凌行為，造成身心之侵害。……（第5項）第2項霸凌行為防制機制、處理程序及其他應遵行事項之準則，由中央主管教育行政機關定之。」。
二、校園霸凌防制準則第3條第1項規定：「本準則用詞，定義如下：……四、霸凌：指個人或集體持續以言語、文字、圖畫、符號、肢體動作、電子通訊、網際網路或其他方式，直接或間接對他人故意為貶抑、排擠、欺負、騷擾或戲弄等行為，使他人處於具有敵意或不友善環境，產生精神上、生理上或財產上之損害，或影響正常學習活動之進行。五、校園霸凌：指相同或不同學校校長及教師、職員、工友、學生（以下簡稱教職員工生）對學生，於校園內、外所發生之霸凌行為。」。
三、校園霸凌防制準則第13條第1項規定：「疑似校園霸凌事件之被霸凌人或其法定代理人（以下簡稱申請人），得向行為人於行為發生時所屬之學校（以下簡稱ㄒ調查學校）申請調查。」。
四、校園霸凌防制準則第29條第1項規定：「學校完成調查後，確認校園霸凌事件成立時，應立即啟動霸凌輔導機制，並持續輔導當事人改善。」。
五、校園霸凌防制準則第31條規定：「校園霸凌事件情節嚴重者，學校應即請求警政、社政機關（構）或司法機關協助，並依少年事件處理法、兒童及少年福利與權益保障法、社會秩序維護法等相關規定處理。」。
六、小妮同校同學在網路社群媒體上，不停地以留言方式攻擊小妮，造成小妮精神上受到打擊，且影響她正常學習活動的進行，這樣的行為可能已經構成校園霸凌，小妮可以直接撥打反霸凌專線「1953」，或直接向學校、老師及家長反映，更可透過學校調查機制，確認霸凌事件是否成立，並啟動霸凌輔導機制等，如情節嚴重時，學校亦得依少年事件處理法、兒童及少年福利與權益保障法、社會秩序維護法等相關規定予以處理。
七、校園霸凌事件存在於校園內外，霸凌行為對於受凌者、旁觀者、甚至霸凌者身心發展都有非常深遠的影響，如能即早發現、及時遏止，也可以避免許多憾事發生，因此，校園霸凌的預防及處理刻不容緩，讓我們共同建構一個安心校園，讓孩子能健康成長！"
"喬治與安妮婚後育有獨生女甜甜，但喬治與安妮卻因為雙方的生活習慣與人生觀念差距越來越大，而終仍協議結束婚姻生活，並約定未成年子女甜甜之權利義務由雙方共同行使及負擔。請問喬治與安妮除了簽訂離婚協議書外，應否辦理相關戶籍登記？
","一、民法第1050條規定：「兩願離婚，應以書面為之，有二人以上證人之簽名並應向戶政機關為離婚之登記。」、民法第1055條第1項規定：「夫妻離婚者，對於未成年子女權利義務之行使或負擔，依協議由一方或雙方共同任之。……」。
二、戶籍法第9條第2項規定：「離婚，應為離婚登記。」、第34條規定：「離婚登記，以雙方當事人為申請人。……」。
三、戶籍法第13條規定：「對於未成年子女權利義務之行使或負擔，經父母協議……由父母一方或雙方任之者，應為未成年子女權利義務行使負擔登記。」、第35條第3項規定：「未成年子女權利義務行使負擔登記，以行使或負擔之一方或雙方為申請人。」。
四、喬治與安妮雖然已經協議離婚，雖然夫妻關係不再，但仍是甜甜的父母，並約定未成年子女甜甜之權利義務由雙方共同行使負擔，而離婚後雖然要處理非常多繁複的事情，但也要記得向戶政事務所辦理離婚登記及未成年子女權利義務行使負擔登記唷！"
小明是家中獨生子，媽媽很早就離世，小明從小就與爸爸相依為命，父子兩人感情非常好，而小明在父親往生之後，一直沉浸在哀傷的情緒之中，也提無心處理爸爸的身後事；妻子阿嬌雖能體諒小明，但很擔憂遲遲未處理身後事，難道真的不會有問題嗎？直到阿嬌收到遺產稅繳納通知書，她才驚覺不能再繼續這樣下去，她勸說小明要好好地與父親告別，並且打起精神來處理父親身後事，這樣才能讓父親安心的離開，也才能積極地面對未來的人生。請問遺產稅之申報及繳納時點為何？,"一、遺產及贈與稅法第23條規定：被繼承人死亡遺有財產者，納稅義務人應於被繼承人死亡之日起6個月內，向戶籍所在地主管稽徵機關依本法規定辦理遺產稅申報。…（第2項）被繼承人為經常居住中華民國境外之中華民國國民或非中華民國國民死亡時，在中華民國境內遺有財產者，應向中華民國中央政府所在地之主管稽徵機關辦理遺產稅申報。」。
二、遺產及贈與稅法第26條規定：「（第1項）遺產稅或贈與稅納稅義務人具有正當理由不能如期申報者，應於…期屆滿前，以書面申請延長之。（第2項）前項申請延長期限以3個月為限。但因不可抗力或其他有特殊之事由者，得由稽徵機關視實際情形核定之。」。
三、遺產及贈與稅法第28條規定：「（第1項）稽徵機關於查悉死亡事實或接獲死亡報告後，應於1個月內填發申報通知書，檢附遺產稅申報書表，送達納稅義務人，通知依限申報，並於限期屆滿前10日填具催報通知書，提示逾期申報之責任，加以催促。（第2項）前項通知書應以明顯之文字，載明民法限定繼承及拋棄繼承之相關規定。（第3項）納稅義務人不得以稽徵機關未發第1項通知書，而免除本法規定之申報義務。」。
四、遺產及贈與稅法第29條規定：「稽徵機關應於接到遺產稅或贈與稅申報書表之日起2個月內，辦理調查及估價，決定應納稅額，繕發納稅通知書，通知納稅義務人繳納；其有特殊情形不能在2個月內辦竣者，應於限期內呈准上級主管機關核准延期。」。
五、遺產及贈與稅法第30條規定：「（第1項）遺產稅及贈與稅納稅義務人，應於稽徵機關送達核定納稅通知書之日起2個月內，繳清應納稅款；必要時，得於限期內申請稽徵機關核准延期2個月。（第2項）遺產稅或贈與稅應納稅額在30萬元以上，納稅義務人確有困難，不能一次繳納現金時，得於納稅期限內，向該管稽徵機關申請，分18期以內繳納，每期間隔以不超過2個月為限。…」。
六、有關遺產稅之申報時點，在本案例中，小明應於父親往生之日起6個月內，攜帶遺產稅申報書及相關文件向父親生前的戶籍地國稅局申報遺產稅；而遺產及贈與稅法雖規定稽徵機關負有通知納稅義務人申報遺產稅之規定，但納稅義務人並不能主張未收到相關通知，即免除納稅義務唷！
七、另關於遺產稅之繳納時點，在本案例中，稽徵機關應於接到小明提出遺產稅申報書日起2個月內，辦理相關遺產之調查及估價、決定應納稅額，並通知小明繳納遺產稅，而小明應於收到核定納稅通知書之日起2個月內，繳清應納稅款。但為使納稅義務人有時間籌措現金繳稅、減輕納稅壓力，遺產及贈與稅法規範申請展延繳納期間或是分期繳納之規定，如納稅義務人有需求時，也不要忘記稽徵機關申請唷！"
"王大明與張小美正準備開心迎接肚子裡的二寶弟弟出生，但王、張兩家父母卻為了寶寶的姓氏吵鬧不休。大明爸媽認為這是王家的金孫，當然應該要跟著姓王，但小美爸媽表示小美是張家唯一的獨生女，大寶既然姓王，二寶弟弟當然應該改姓張，而大明與小美則覺得大寶與二寶都是手心裡的寶貝，只要孩子幸福，就不需要堅持姓氏為何。請問即將出生的二寶，究竟應該跟著誰姓呢？
","一、民法第1059條規定：「（第1項）父母於子女出生登記前，應以書面約定子女從父姓或母姓。未約定或約定不成者，於戶政事務所抽籤決定之。（第2項）子女經出生登記後，於未成年前，得由父母以書面約定變更為父姓或母姓。（第4項）前二項之變更，各以一次為限。……」。
二、戶籍法第48條第1項規定：「戶籍登記之申請，應於事件發生或確定後30日內為之。但出生登記至遲應於60日內為之。」。
三、戶籍法第48條之2規定：「下列戶籍登記，經催告仍不申請者，戶政事務所應逕行為之：一、出生登記。……」。
四、戶籍法第49條規定：「（第1項）出生登記當事人之姓氏，依相關法律規定未能確定時，婚生子女，由申請人於戶政事務所抽籤決定依父姓或母姓登記；非婚生子女，依母姓登記；無依兒童，依監護人之姓登記。（第2項）戶政事務所依前條第一款規定逕為出生登記時，出生登記當事人姓氏，婚生子女，以抽籤決定依父姓或母姓登記；非婚生子女，依母姓登記；無依兒童，依監護人之姓登記，並由戶政事務所主任代立名字。」。
三、民法關於未成年子女從姓之規定，於96年5月23日有重大變革，早期對於未成年子女之從姓係以從父姓為原則，然修法後則不再硬性規定未成年子女應從父姓，而係改由父母雙方共同約定未成年子女（婚生子女）之從姓。但為避免父母雙方遲未決定未成年子女姓氏，恐影響未成年子女權利（如出生登記等），又於99年5月19日修正1059條規定，新增父母未約定或無法約定未成年子女之從姓時，將改以抽籤方式決定之其姓氏。
四、大明與小美即將出生之二寶，應於出生後30日內完成出生登記，並應於登記時即決定二寶之姓氏，如大明與小美無法決定，將以抽籤方式決定之。雖然大明與小美的父母都希望二寶跟著自己的姓氏，但千萬別讓姓氏決定了家庭的幸福，只要家人之間相互體諒，愛，才是最美的姓名～"
"美美是個育有3歲寶寶的全職媽媽，為了兼顧育兒及家務，美美常需要開著車帶著寶寶四處跑，有時候到診所看醫生、打疫苗，或到大賣場採買家庭用品，生活的忙碌常讓美美覺得心力交瘁；幸好，停車場內多設有粉紅色框線之「孕婦及育有6歲以下兒童者停車位」，美美才能夠免去遍尋不著停車位，或是一邊推著嬰兒車、一邊拎著大包小包才能走到賣場出口的窘境。美美一如往常地，來到人潮擁擠的大賣場採買生活用品，卻一直找不到停車位，加上寶寶又一直在車上哭喊，讓美美甚為焦急，但美美發現粉紅色框線的專用停車位居然被一位年輕男子占用了，美美下車查看該男子車上並沒有擺放相關停車識別證明文件，請問該男子違規占用專用停車位責任為何？
","一、兒童及少年福利與權益保障法第33條之1規定：「（第1項）下列場所附設之公共停車場，應保留百分之2之汽車停車位，作為孕婦、育有6歲以下兒童者之停車位；汽車停車位未滿50個之公共停車場，至少應保留1個孕婦、育有6歲以下兒童者之停車位。但汽車停車位未滿25個之公共停車場，不在此限：一、提供民眾申辦業務或服務之政府機關（構）及公營事業。二、鐵路車站、航空站及捷運交會轉乘站。三、營業場所總樓地板面積一萬平方公尺以上之百貨公司及零售式量販店。四、設有兒科病房或產科病房之區域級以上醫院。五、觀光遊樂業之園區。六、其他經各級交通主管機關公告之場所。（第2項）前項停車位之設置地點、空間規劃、使用對象與方式及其他應遵行事項之辦法，由中央交通主管機關會商建設、工務、消防主管機關定之。」。
二、孕婦及育有6歲以下兒童者停車位設置管理辦法第5條第1項規定：「本辦法之停車位供乘載孕婦或6歲以下兒童之車輛使用，未具有相關停車之識別證明者不得停放。」、第6條規定：「（第1項）使用停車位者，應將停車位識別證明置於汽車前擋風玻璃明顯處，以供查核檢驗。（第2項）未乘載孕婦或6歲以下兒童，不得使用停車位識別證明，並不得占用停車位。」，及第7條規定：「違反前條規定占用停車位者，停車場經營業應通報停車場主管機關或警察機關依停車場法第32條第3項及第40條之1第2項規定辦理。」。
三、停車場法第32條第3項規定：「（第1項）汽車駕駛人於公共停車場，應依規劃之位置停放車輛，如有任意停放致妨礙其他車輛行進或停放者，主管機關、警察機關或停車場經營業得逕行將該車輛移置至適當處所。（第2項）前項任意停放如為占用身心障礙者專用停車位、孕婦及育有6歲以下兒童者停車位及電動汽車充電專用停車位者，停車場經營業應通報主管機關或警察機關。（第3項）公共停車場依法令規定設置供特定對象或車輛使用之停車位，未具有相關車位停車識別證明或未符合規定之車輛不得停放。主管機關為確認違規占用車輛駕駛人或所有人身分，得向公路主管機關申請車籍資料。」，及第40條之1規定：「（第1項）停車場經營業違反第32條第2項規定，經主管機關通知限期改善而屆期不改善者，處新臺幣1千8百元以上3千6百元以下罰鍰。（第2項）汽車駕駛人違反第32條第3項規定，處新臺幣6百元以上1千2百元以下罰鍰。」。
四、為促進兒童及少年身心健全發展，保障其權益，並創造友善育兒設施與環境，兒童及少年福利與權益保障法及相關法令增修孕婦及育有6歲以下兒童之專用停車位之規定，除要求公共停車場應保留一定比率停車位，專供孕婦及育有6歲以下兒童者停放外，對於違規占用者亦可處以罰鍰，亦課予停車場經營業者負有通報主管機關或警察機關之義務，期能營造育兒之安心與安全環境。本案違規占用「孕婦及育有6歲以下兒童者專用停車位」之男子，已違反停車場法相關規定，得處6百元以上1千2百元以下罰鍰；停車場業者如未將上開任意停放占用通報主管機關或警察機關，經主管機關通知限期改善而屆期不改善者，亦得處新臺幣1千8百元以上3千6百元以下罰鍰。良好的育兒環境需要你我共同創造與維護，看到粉紅色停車位時，請多體諒孕婦及育有6歲以下兒童之家庭的辛勞，並記得保留這些停車位，不要隨意占用停放，讓這些家庭也能感受到社會對他們的該關懷與善意唷！"
"小新是個剛滿5歲的好動寶寶，很愛看電視，也會隨著電視上的影片一起唱唱跳跳，非常可愛！但媽媽美美發現小新最近看電視時，卻越來越貼近電視螢幕，美美擔心小新可能有近視問題，便帶著美美前往亮亮眼鏡行（附設驗光所）驗光，想為小新配一副眼鏡，並矯正視力問題。請問亮亮眼鏡行能否為小新驗光並配鏡呢？
","一、驗光人員法第12條規定：「（第1項）驗光師之業務範圍如下：一、非侵入性之眼球屈光狀態測量及相關驗光，包含為一般隱形眼鏡配鏡所為之驗光；15歲以下者應於眼科醫師指導下為之。但未滿6歲兒童之驗光，不得為之。……（第3項）驗光人員執行業務，發現視力不能矯正至正常者，應轉介至醫療機構診治。」。
二、驗光人員法第45條規定：「（第1項）驗光人員有下列各款情事之一者，處新臺幣2萬元以上10萬元以下罰鍰；其情節重大者，並處1個月以上1年以下停業處分或廢止其執業執照：一、違反第12條第1項第1款但書或第2項第1款但書規定，為未滿6歲之兒童驗光。二、違反第12條第3項規定，未將當事人轉介至醫療機構。」。
三、驗光人員法於105年公布施行，驗光人員也成為衛生福利部所認定之醫事人員，驗光人員法更就驗光人員之資格、條件及執業範圍（驗光、配鏡）予以明文規範，以維護國人視力健康與權利。然而稚齡兒童視力異常原因甚多，特殊眼球疾病或神經疾病亦可能呈現視力異常症狀，因此對於稚齡兒童之驗光或可能需要使用特殊檢查技術，及早診斷並治療兒童視力問題，所以驗光人員法第12條明文規定，驗光人員不得為未滿6歲之兒童驗光。
四、本案例中，美美帶未滿6歲的小新前往亮亮眼鏡行驗光並配鏡，如果亮亮眼鏡行只有驗光人員單獨執行驗光業務時，依上開法令規定，亮亮眼鏡行是不能夠為小新驗光並配鏡的喔！美美應該帶著小新去至眼科診所，讓眼科醫師透過專業檢查，為小新診斷視力問題，才能夠及早發現問題所在，及時解決問題！擦亮孩子的靈魂之窗！
五、又驗光人員法施行細則第6條另規定，驗光人員對於6歲以上15歲者第一次驗光及配鏡時，應於醫師確診非假性近視，始得為之；而驗光人員對於6歲以上15歲者進行驗光時，亦應於眼科醫師指導下為之，至於醫師指導方式、時機，則可以依下列兩種方式辦理：（一）由驗光人員與眼科醫師訂定契約合作，依合作契約所定方式辦理，或是（二）由驗光人員參加中央主管機關委託專業法人、團體或機構辦理之特定課程訓練且取得完成訓練證明，依訓練證明文件指定之方式辦理，並於發現特定況狀時，出具轉介單至眼科醫師處檢查。"
"志明（69歲）日前因病逝世後，家中尚有與其同住的父母、妻子春嬌及兒子大寶（35歲），還有因結婚而未同住的女兒貝貝（30歲）及剛滿月的小孫女甜甜。家人們在承受失去親人的傷痛之餘，也要開始著手處理相關繼承事宜，請問到底誰才是志明法律上的繼承人呢？
","一、民法第1138條規定：「遺產繼承人，除配偶外，依左列順序定之：一、直系血親卑親屬。二、父母。三、兄弟姊妹。四、祖父母。」。
二、民法第1139條規定：「前條所定第一順序之繼承人，以親等近者為先。」。
三、民法第1140條規定：「第1138條所定第一順序之繼承人，有於繼承開始前死亡或喪失繼承權者，由其直系血親卑親屬代位繼承其應繼分。」
三、依上開民法相關規定，繼承開始時，遺產繼承人除配偶外，應按照「法定繼承人」順序來決定，而夫妻（配偶）、子女╱孫子女（直系血親卑親屬）、父母、兄弟姊妹及祖父母等，都有可能是法律上的繼承人。
而要注意的是，當前一順位的繼承人已合法繼承時，次一順位的繼承人就無法再主張繼承，例如：第一順位之繼承人（子女）已合法繼承時，第二順位繼承人（父母）就無法主張其也要繼承被繼承人之遺產了。又隨著不同親屬關係，各順位的法定繼承人則因親疏遠近的不同，而有不同比例的應繼承財產（應繼分）。
四、本案志明逝世後，繼承即因被繼承人死亡而開始，如果志明的太太春嬌、兒子大寶及女兒貝貝並無民法第1140條所定情事，則志明的法定繼承人僅有春嬌、大寶及貝貝等三人，並不會因為貝貝已經結婚而未與志明同住而失去繼承的權利；又志明的父母雖然與志明同住，關係也甚為親密，但因為其非第一順位繼承人，所以志明的父母也無法主張繼承志明的遺產唷！"
"18歲的毛毛為了慶祝考領普通重型機車駕駛執照，與朋友一起騎車兜風，但因毛毛對路況不熟悉，未按規定依兩段方式進行左轉，經員警當場攔停並開立「舉發違反道路交通管理事件通知單」（即俗稱之紅單）。毛毛覺得很委屈，請問毛毛應該如何提起救濟呢？
","一、道路交通管理處罰條例第8條規定：「（第1項）違反本條例之行為，由下列機關處罰之：一、第12條至第68條及第92條第7項、第8項由公路主管機關處罰。二、第69條至第84條由警察機關處罰。（第2項）前項處罰於裁決前，應給予違規行為人陳述之機會。」及第9條第1項規定：「本條例所定罰鍰之處罰，受處罰人接獲違反道路交通管理事件通知單後，於30日內得不經裁決，逕依第92條第4項之罰鍰基準規定，向指定之處所繳納結案；不服舉發事實者，應於30日內，向處罰機關陳述意見；其不依通知所定期限前往指定處所聽候裁決，且未依規定期限繳納罰鍰結案或向處罰機關陳述意見者，處罰機關得逕行裁決之。」。
二、道路交通管理處罰條例第87條規定：「受處分人不服第8條或第37條第6項處罰之裁決者，應以原處分機關為被告，逕向管轄之地方法院行政訴訟庭提起訴訟；其中撤銷訴訟之提起，應於裁決書送達後30日之不變期間內為之。」及行政訴訟法第237條之2規定：「交通裁決事件，得由原告住所地、居所地、所在地或違規行為地之地方行政法院管轄。」。
四、依上開法令規定及現行實務作法，毛毛如不服舉發通知（紅單），可以在收到通知（紅單）30日內，向應到案處所或舉發單位陳述意見。經裁決機關查證後，如認定毛毛確實未違反交通法規，裁決機關將作成免予處罰裁決書並通知毛毛；但如果經查證後，發現毛毛違規行為屬實者，裁決機關將作成裁決書並通知毛毛，毛毛仍不服該裁決時，可再向住所地、居所地、所在地或違規行為地之地方法院行政訴訟庭提起行政訴訟唷！"
"今年剛滿18歲的小志，順利考領了普通重型機車駕駛執照。小志想趁著暑假期間，完成騎機車環島旅行的願望，在旅途中，小志結交了一位志同道合的好伙伴，大型重型機車騎士大明，兩人也開始結伴旅行。途中，小志看著大明騎乘大型重型機車帥氣又拉風的模樣，也很想嘗試看看，請問剛考取駕照的小志，可不可以騎乘大型重型機車上路呢？
","一、道路交通管理處罰條例第21條規定：「（第1項）汽車駕駛人，有下列情形之一者，處新臺幣6千元以上1萬2千元以下罰鍰，並當場禁止其駕駛：……九、其他未依駕駛執照之持照條件規定駕車。（第2項）前項第九款駕駛執照之持照條件規定，由交通部定之。……」。
二、道路交通安全規則第2條第1項規定：「本規則用詞，定義如下：一、汽車：指在道路上不依軌道或電力架線而以原動機行駛之車輛（包括機車）。」。
三、道路交通安全規則第50條第1項規定：「汽車駕駛執照為駕駛汽車之許可憑證，由駕駛人向公路監理機關申請登記，考驗及格後發給之。汽車駕駛人經考驗及格，未領取駕駛執照前，不得駕駛汽車。」。
四、道路交通安全規則第60條第1項規定：「申請汽車駕駛執照考驗者，應具有下列資格：一、年齡：（一）考領普通駕駛執照、輕型或普通重型機車駕駛執照須年滿18歲，最高年齡不受限制。（二）考領大型重型機車駕駛執照須年滿20歲，最高年齡不受限制。……二、經歷：（一）應考輕型或普通重型機車駕駛執照者，無經歷之限制。（二）應考大型重型機車駕駛執照者，須領有普通重型機車駕駛執照1年以上之經歷，並經立案之駕駛訓練機構駕駛訓練結業。……」。
五、道路交通安全規則第61-1條規第1項定：「道路交通管理處罰條例第21條第2項所稱之持照條件係指駕駛人取得駕車之行車條件，除前條規定外，包括下列規定：……三、領有重型機車駕駛執照者，不得駕駛大型重型機車。」。
四、今年剛滿18歲的小志雖然已經考取普通重型機車駕駛執照，但小志只能依法只能駕駛普通重型機車或輕型機車，不得駕駛大型重型機車；小志如果騎乘大明的大型重型機車上路，將違反道路交通管理處罰條例第21條規定，而被處以新臺幣6千元以上1萬2千元以下罰鍰，並當場禁止駕駛，而且這樣一點都不帥氣！依法考取駕照，並依持照資格駕駛，才能安心騎車，安全上路！"
今（111）年17歲的大成與小婷兩情相悅，雙方在交往一段時間後，感情穩定並準備於今年訂婚、結婚，請問雙方的婚約及結婚是否有效？,"一、民法成年年齡由20歲下修為18歲，並且自明（112）年1月1日起實施，未來年滿18歲者即屬具有完全行為能力之成年人，可獨立完成有效的法律行為，而享受權利的同時，也要自己負擔責任與義務；另修正前之民法關於訂婚及結婚年齡之規定，是依照「性別」作出不同年齡限制，但因不同性別而有差別待遇的規定，有悖於公民與政治權利國際公約第23條第2項、消除對婦女一切形式歧視公約（簡稱CEDAW）第15條第1項、第16條第1項a款及第2項等規定，亦與國際人權與性別平等精神有違，故納入本次民法修正案併同修正。
二、現行有效（即修正前）之民法第12條規定：「滿20歲為成年。」、民法第973條規定：「男未滿17歲，女未滿15歲者，不得訂定婚約。」及民法第980條規定：「男未滿18歲，女未滿16歲者，不得結婚。」。
三、而依據修正後之民法第12條規定：「滿18歲為成年。」、第973條規定：「男女未滿17歲者，不得訂定婚約。」及第980條規定：「男女未滿18歲者，不得結婚。」，相關規定雖於110年1月13日即已修正，然考量其修正影響層面甚大，尚需輔以各項配套措施，爰定於112年1月1日始正式施行。
四、現年17歲的大成與小婷於今（111）年訂婚，依訂婚時有效之民法第973條及第974條規定，經過雙方父母（法定代理人）同意後，兩人訂定之婚約應屬有效；大成與小婷如於今（111）年結婚，依據結婚時有效之民法第980條規定，因大成尚未滿18歲，兩人依法不得結婚。愛情雖然沒有距離，但訂婚與結婚之年齡限制，真的是法律上必需注意的問題唷！"
"志明與春嬌是從小一起長大的青梅竹馬，正值14歲的他們一起升上國中就讀，也開始談起純純的戀愛，但青澀懵懂的他們差一點就情不自禁而偷嚐禁果，但兩人還是覺得彼此太過年輕，不太適合進入下一個階段而作罷。
","一、中華民國刑法第227條規定：「（第1項）對於未滿14歲之男女為性交者，處3年以上10十年以下有期徒刑。（第2項）對於未滿14歲之男女為猥褻之行為者，處6月以上5年以下有期徒刑。（第3項）對於14歲以上未滿16歲之男女為性交者，處7年以下有期徒刑。（第4項）對於14歲以上未滿16歲之男女為猥褻之行為者，處三年以下有期徒刑。（第5項）第1項、第3項之未遂犯罰之。」。
二、中華民國刑法第227-1條規定：「18歲以下之人犯前條之罪者，減輕或免除其刑。」。
三、刑法第227條規定除在保障個人性自主決定權及身體控制權外，更有保護「兒童及少年身心健康發展權」之目的，因此，對於特定年齡之兒童及少年，無論其有無意願或決定權，均一律加以保護，故以「年齡」作為犯罪構成要件；但為免年齡相若之年輕男女因相戀自願發生性行為，均一律以刑罰論處之過苛情形，刑法第227條之1另有減輕或免除其刑之規定。
四、志明與春嬌為剛滿14歲之未成年人，縱使兩情相悅而發生性交或猥褻行為，雙方都可能觸犯刑法第227條罪責，雖有第227條之1得以減輕或免除其刑之規定，但仍屬違法行為。兩小無猜的青春戀曲，本應是一首甜蜜而輕快的樂章，千萬別讓一時的衝動，而讓這首青春的歌曲變了調。性，真的很有關係！"
"4歲的小乖正值懵懵懂懂、需要大人指導與教育的年紀，但小乖的父母因為工作無法陪伴在小乖身邊，只好將小乖托給同住的阿姨照顧。小乖阿姨因為年歲較長，無法管束活潑好動的小乖，如果小乖調皮、不聽話，阿姨便大聲辱罵小乖、不讓小乖吃飯，甚至將小乖關在封閉又黑暗的廁所裡，要小乖「自我反省」。長期以來，小乖內心充滿恐懼感，變得很容易不安與焦躁，也有營養不良的現象，小乖父母返家後發現小乖的異狀，趕緊將小乖送往醫院治療。
","一、家庭暴力防治法相關規定：（一）第2條規定：「本法用詞定義如下：一、家庭暴力：指家庭成員間實施身體、精神或經濟上之騷擾、控制、脅迫或其他不法侵害之行為。……六、加害人處遇計畫：指對於加害人實施之認知教育輔導、親職教育輔導、心理輔導、精神治療、戒癮治療或其他輔導、治療。」（二）第3條規定：「本法所定家庭成員，包括下列各員及其未成年子女：一、配偶或前配偶。二、現有或曾有同居關係、家長家屬或家屬間關係者。三、現為或曾為直系血親或直系姻親。四、現為或曾為四親等以內之旁系血親或旁系姻親。」（三）第50條規定：「（第1項）醫事人員、社會工作人員、教育人員、保育人員、警察人員、移民業務人員及其他執行家庭暴力防治人員，在執行職務時知有疑似家庭暴力，應立即通報當地主管機關，至遲不得逾24小時。……」
二、為防治家庭暴力行為及保護被害人權益，我國於87年制定「家庭暴力防治法」，更是亞洲第一部規範家庭暴力行為的法律！打破傳統「法不入家門」的觀念，家庭暴力防治法明確規範家庭暴力行為，更引進保護令制度、建立加害人輔導與治療制度，強化預防與治療並重之防治工作。
三、小乖父母因工作關係，無法親自陪伴小乖成長，將小乖交由同住阿姨照顧，小乖阿姨即屬家庭暴力防治法所稱之家庭成員；而家庭暴力防治法所稱家庭暴力行為更不限於身體上的傷害行為，也包括精神暴力、經濟暴力等行為。本案中，小乖阿姨過當管教行為，雖然未必構成刑事法所稱傷害罪，但已屬於家庭暴力防治法所稱家庭暴力行為，小乖阿姨如有違反相關規定時，相關司法及行政機關即可介入防範或管制；家庭暴力行為不應該被姑息、縱容，當自己或身邊有人遭受虐待時，一定要選擇求援，尋求立即的幫助，才是保護自己，也保護家人的最好方法。"
"年滿18歲的高三生小呆很喜歡扭蛋玩偶，每次下課後都會到附近商家去投幣轉扭蛋，但長期下來也花掉了小呆不少存款；某天，小呆發現遊樂場代幣跟10元硬幣形狀、大小、重量等都很相似，他心想或許可以騙過扭蛋機，便試著投幣轉扭蛋，沒想到扭蛋機果然無法辨識，當場就讓小呆轉到不少扭蛋，他也心滿意足的抱著這些免費的扭蛋回家！商家老闆在盤點扭蛋機器硬幣時發現夾雜遊樂場代幣，立刻報警處理，調閱監視器後發現是小呆所為，請問小呆此舉是否有法律上責任？
","一、刑法第339條之1規定：「（第1項）意圖為自己或第三人不法之所有，以不正方法由收費設備取得他人之物者，處1年以下有期徒刑、拘役或10萬元以下罰金。（第2項）以前項方法得財產上不法之利益或使第三人得之者，亦同。（第3項）前二項之未遂犯罰之。」，不正利用收費設備詐欺罪係因目前社會自動付款或收費設備之應用，日益普遍，如以不正方法由此種設備取得他人之物或得財產上不法利益，不只有損業者權益，而且破壞社會秩序；本條所稱「不正方法」泛指一切不正當方法而言，並不以施用詐術為限，任何意圖規避給付對價，而以不合設備所定使用規則，操縱該設備取得他人之物或財產上不法利益，例如使用偽幣免費取得自動售物機內之物品、使用偽造儲值卡扣減儲值而免費取得物品或服務等。
二、小呆明知應以10元硬幣投入扭蛋機（收費設備），才能合法取得扭蛋，卻以遊樂場代幣偽冒10元硬幣欺騙扭蛋機，讓機器誤以為代幣為10元硬幣而售出扭蛋，然扭蛋係屬商家老闆所有之財物，依上開刑法規定，小呆是利用不正方法由收費設備取得他人之物，其已經觸犯不正利用收費設備罪。
三、綜上，免費的扭蛋卻換來的最昂貴的代價，而小呆一時貪小失大的行為，讓他最愛的扭蛋不再充滿解憂的樂趣，不可不慎！"
"年滿18歲的高三學生阿雄富有正義感，看到不平之事常常仗義執言；某天阿雄看到同班同學阿凱躲在角落抽煙，便向前制止，沒想到阿凱惱羞成怒，開始對阿雄拳打腳踢更造成阿雄因此全身瘀青；傷癒後的阿雄開始悶悶不樂，更開始害怕上學。請問阿凱此舉是否有法律上責任？
","一、刑法第277條第1項規定：「傷害人之身體或健康者，處5年以下有期徒刑、拘役或50萬元以下罰金。」，傷害罪所要保護的是個人身體或健康法益，避免受到不法侵害；另外依刑法第287條規定，普通傷害罪屬於告訴乃論之罪，也就是說，普通傷害罪之成立必須以被害人（或其他具有告訴權之人）提起告訴為前提。
二、民法第184條規定：「（第1項）因故意或過失，不法侵害他人之權利者，負損害賠償責任。（第2項）故意以背於善良風俗之方法，加損害於他人者亦同。違反保護他人之法律，致生損害於他人者，負賠償責任。但能證明其行為無過失者，不在此限。」、第193條第1項規定：「不法侵害他人之身體或健康者，對於被害人因此喪失或減少勞動能力或增加生活上之需要時，應負損害賠償責任。」及第195條第1項規定：「不法侵害他人之身體、健康、名譽、自由、信用、隱私、貞操，或不法侵害其他人格法益而情節重大者，被害人雖非財產上之損害，亦得請求賠償相當之金額。其名譽被侵害者，並得請求回復名譽之適當處分。」，個人之身體或健康受到他人不法侵害時，得請求加害人應負損害賠償責任，賠償範圍除因此所受損害、所失利益外，更包括受害人因此喪失勞動能力所受損害、增加生活需要之支出及非財產上之損害等。
三、綜上，阿凱違反校園規定抽煙，阿雄基於好意勸諫阿凱不要抽煙，阿凱卻惱羞成怒，故意將阿雄毆打成傷，阿雄除了可以向阿凱提起普通傷害罪之告訴外，也可以向阿凱請求賠償其身體健康受損之財產損害及非財產損害；阿凱衝動的行為讓阿雄身心都受到不小的打擊與傷害，而相對地阿凱也要承擔相關刑事及民事責任，一個衝動的行為卻讓兩人青春歲月都印上黑青色的記憶。"
"年滿20歲的大三學生花花因不滿同學美美在班上人緣極佳，因一時嫉妒，竟當著全班同學面前捏造並嘲諷美美腦袋不好，是白癡笨蛋等語，讓美美覺得非常難過，請問花花此舉是否有法律上責任？
","一、刑法第309條第1項規定：「公然侮辱人者，處拘役或9千元以下罰金」，公然侮辱罪所要保護的是個人經營社會群體生活的人格評價，避免受到不當詆毀，而減損或貶抑被害人之人格或地位評價，所以，在不特定人可以聞見之公共場合，用粗鄙語言向特定之人為辱罵，且該語言含義又足以減損該特定人聲譽時，可能構成刑法之公然侮辱罪；另外依刑法第314條規定，公然侮辱罪屬於告訴乃論之罪，也就是說，公然侮辱罪之成立必須以被害人（或其他具有告訴權之人）提起告訴為前提。
二、民法第195條第1項規定：「不法侵害他人之身體、健康、名譽、自由、信用、隱私、貞操，或不法侵害其他人格法益而情節重大者，被害人雖非財產上之損害，亦得請求賠償相當之金額。其名譽被侵害者，並得請求回復名譽之適當處分。」，為保護名譽不法侵害之人，其得向加害人請求賠償關於非財產上之損害；但加害人之賠償責任仍應以相當之金額為限，也就是賠償金額必須衡量個案實際加害情形與名譽影響是否重大，及被害者之身分地位與加害人經濟狀況等關係綜合決定之。
三、綜上，花花明知美美並無腦袋不好的情形，居然在全班同學面前侮辱美美，造成同學對於美美的評價降低，使美美名譽受到損害，美美除了可以向花花提起公然侮辱罪之告訴外，也可以向花花請求賠償名譽受損之相當金額；而花花因為一時衝動，禍從口出，使美美內心留下深刻的傷害，更可能負擔刑事及民事賠償責任，真的是得不償失！"
"剛剛年滿18歲大學一年級新生小明想要購買一台昂貴跑車，並與業者簽訂跑車買賣契約，是否有效。
","一、為使民法成年之定義與刑事責任及行政罰責任之完全責任年齡相符（刑法第18條、行政罰法第9條均規定為18歲），另考量現今社會網路科技發達、大眾傳播媒體普及、資訊大量流通，青年之身心發展及建構自我意識之能力已不同以往，且世界多數國家關於成年年齡規定多為18歲，為使民法成年定義符合社會青年身心發展現況，保障其權益，並與國際接軌，我國於110年1月13日修正關於民法成年之定義，並明定於112年1月1日施行。
二、民法關於成年定義修正之相關規定，簡述如下：（一）民法修正後，成年年齡將由原先20歲，修正為18歲。（二）關於未成年人結婚及訂婚年齡之限制，不再因性別而有不同；最低結婚年齡均為18歲，最低訂婚年齡均為17歲，並刪除未成年人因結婚而取得行為能力及相關規定。（三）綜上，民法修正施行後，滿18歲之人即為成年人，亦即有完全行為能力，相對地，也必須負擔各項法律行為責任。
三、舉例而言，剛剛年滿18歲大學一年級新生小明想要購買一台昂貴跑車，並與業者簽訂之買賣契約，是否有效？
（一）依現行有效民法第12條及第13條規定，小明為限制行為能力人（7歲以上但未滿20歲），並不具有完全行為能力；因此，小明縱與業者簽訂跑車買賣契約，在法定代理人（如父母）同意該買賣契約前，這份契約並不會因為小明已經簽名而發生效力。（二）但在112年1月1日以後，依修正後民法第12條規定，小明為成年人（年滿18歲）並具有完全行為能力；因此，小明可以單獨決定簽訂跑車買賣契約，不需得到法定代理人同意，該份契約已發生法律上效力。（三）民法修正並於112年1月1日施行後，年滿18歲青年將成為法律上之成年人，可以單獨決定是否簽訂契約，甚至決定是否結婚，不再如過去需要法定代理人同意，才會發生法律上的效力。溫馨提醒父母及孩子們注意這項規定的修正，才能一起迎接更美好的成年生活！"
"小明某日於KTV飲酒歡唱後，搭乘小華駕駛其所有之計程車返家，途中因酒醉在車上嘔吐，致嘔吐物佈滿計程車後座區及右後門。則小明有何法律責任？
","一、關於刑事法律責任：
刑法第354條：「毀棄、損壞前二條以外之他人之物，或致令不堪用，足以生損害於公眾或他人者，處二年以下有期徒刑、拘役或五百元以下罰金。」係屬普通毀損罪之規定。而本罪之「致令不堪用」係指以毀棄、損壞以外之其他方法，雖未毀損原物，但已喪失物之「功能效用」而言。本案中，車上之嘔吐物經清洗即可，並未致車輛不堪使用，因此尚難對小明以毀損罪處罰之。
二、關於民事法律責任：
(一)小明嘔吐的行為對小華成立侵權行為民法第184條第1項：「因故意或過失，不法侵害他人之權利者，負損害賠償責任。故意以背於善良風俗之方法，加損害於他人者亦同。」此條文為侵權行為之規定。本案中，小明因酒醉在小華所有之計程車上嘔吐，造成小華之車輛髒污，小華因此受有財產損害，小明已構成侵權行為。
(二)小明須對小華負以下損害賠償責任按「負損害賠償責任者，除法律另有規定或契約另有訂定外，應回復他方損害發生前之原狀。」、「第一項情形，債權人得請求支付回復原狀所必要之費用，以取代回復原狀。」。「損害賠償，除法律另有規定或契約另有約定外，應以填補債權人所受損害及所失利益為限。」民法第213條第1項、第3項及第216條第1項分別定有明文。因此，小華可依民法第213條第1項、第3項之規定，要求小明回復原狀(即髒污之清潔)，或可直接向小明請求車輛清潔費用之損害賠償(即直接請求清潔之必要費用)。另外，小華之計程車如因嘔吐穢物臭味久久未能散去致無法正常營業所造成的損失，另可依民法第216條第1項向小明請求賠償營業損失。"
"小莉某日帶著所飼養的小型寵物狗至公園遛狗，驚見一隻大型比特犬從遠處衝來，將她所養的小狗拖在地板上狠咬，導致其愛犬背部被咬出5個傷口，小莉緊急將愛犬送至動物醫院救治，花費10,000元醫療費用。事件發生後，闖禍的男飼小明竟還冷回「我家的狗平時很乖，一定是被妳的狗挑釁才會失控」，令小莉感到十分憤怒便將經過PO上網，小莉並認為該比特犬的飼主小明應該接受處罰，並賠償愛犬10,000元的醫藥支出，法規依據為何？ ","一、違反動物保護法之行政責任： 依動物保護法(下稱「動保法」)第20條規定，具攻擊性之寵物出入公共場所或公眾得出入之場所，應由成年人伴同，並採取適當防護措施。至於「具攻擊性之寵物」及「其所該採取之防護措施」之規定，則由中央主管機關(即農委會)公告。 又依照農委會於民國 104年09月23日以農牧字第1040043358號公告「具攻擊性寵物及其出入公共場所該採取之防護措施」之相關規定，「具攻擊性之寵物」是指「危險性犬隻」及「無正當理由曾有攻擊人或動物行為紀錄之犬隻」。又「危險性犬隻」是指比特犬、日本土佐犬、紐波利頓犬、阿根廷杜告犬、巴西菲勒犬、獒犬及與上述犬隻混血之犬隻。如將具攻擊性之寵物帶至公共場所，須遵守以下規定：(一)以長度不超過1.5公尺之繩或鍊牽引、(二)配戴不影響散熱之透氣口罩。
本案中，該比特犬飼主小明未依前述規定備妥相關防護措施即出入公共場所或公眾得出入之場所，主管機關得依動保法第29條規定處飼主新臺幣3萬元以上15萬元以下罰鍰。
並且，飼主可能會因違反動保法第7條未履行防止寵物無故侵害他人之義務，主管機關得依動保法第32條第3項第3款，逕行裁處沒入飼主之動物。然而，此部分實務上(參照最高行政法院92年判字第242號判決)認為，飼主因管理不善致犬隻侵害他人，如歸咎於犬隻即處以沒入，形同處以該犬極刑，有悖保護動物本旨，除非個案中犬隻侵害的事實情節重大，主管機關通常不會裁處沒入犬隻。
二、民事賠償責任：民法第184條第1項前段規定「因故意或過失，不法侵害他人之權利者，負損害賠償責任。」、同法第190條第1項前段規定「動物加損害於他人者，由其占有人負損害賠償責任。」飼主小明未依上開動保法等相關規定，在公眾場所對自己的比特犬採取安全防護措施，因而造成小莉的愛犬遭到咬傷，小明未盡動物管理人之注意義務，已構成不作為之侵權行為責任，小莉為此支出醫藥費用10,000元是受有財產上之損害，小明對於小莉財產上之損害(支出醫藥費用)依法應負損害賠償責任。"
"小明與小美是情侶關係，小明為了自己平日上下班的便利，以及假日便於搭載小美一同外出旅遊，於是決定購買一輛全新的休旅車。然而，小明因為曾經發生多次駕車肇事的不良記錄，所以應繳的汽車保險費率甚高，小明為了繳交較為低廉的汽車保險費，乃與小美約定將所購買的汽車借名登記在小美的名下。怎知，半年之後，小明與小美卻因為個性不合而分手，且雙方發生嚴重爭吵以致於無法溝通，小明要求處理車輛登記乙事，小美皆不予理會。請問，小明要如何辦理汽車過戶登記回自己名下？
","汽車為動產，而動產所有權的移轉，只需要「讓與合意」+「交付」即已足，故車商就汽車與小明有讓與合意，並將汽車交付給小明，小明即取得汽車所有權。至於在監理機關辦理過戶，則屬行政管理事項，非汽車所有權移轉之法定要件。故汽車雖登記於小美名下，但小明才是汽車所有權人，因為小明並沒有對汽車所有權的移轉與小美有讓與合意。
本案中，小明為了要降低保費，將汽車借名登記於小美名下，而借名登記契約的性質，實務見解認為(最高法院106年台上字2678號判決)，應類推適用民法「委任」契約之規定。又依民法第549條第1項規定，當事人之任何一方，得隨時終止委任契約。故小明與小美成立汽車借名登記契約，其契約類推適用民法委任之規定，又按照上述民法規定，小明可以隨時終止與小美的借名登記契約。
汽車借名登記契約一經終止，依法即向後失效，小美享有「登記之利益」則屬無法律上之原因，也就是說，汽車先前之所以可以登記在小美名下，是因為有借名登記契約的依據，但該契約如果被終止，則小美的汽車登記就開始無所憑據。因此，小美構成民法第179條之「不當得利」，依法應將該「登記之利益」返還給小明，亦即，將汽車過戶登記為小明名下。
由於監理機關為牌照登記管理機關，汽車之登記僅形式審查，不問實際所有權人，辦理車輛過戶登記應出示雙方車主證明文件，表示他們移轉登記是合意的，若其中一方不同意辦理過戶，則另一方應持有雙方車主協同配合至監理機關辦理過戶之判決確定，監理機關始能認定雙方合意過戶。因此，小明應先終止借名登記契約，再本於其為汽車之所有權人，以訴訟請求小美應協同小明至監理機關辦理汽車借名登記之異動，將汽車過戶登記於小明名下。"
"何謂支付命令？戶籍地在台中的A先生，因積欠銀行債務，遂離開戶籍地避債，未與家人聯繫。期間銀行屢次向A先生催收未果，遂向法院申請支付命令，請求A先生清償卡債，法院依債權人即銀行之請將支付命令寄至A先生之台中戶籍地，由A先生之配偶收受。法院因於支付命令送達後20日內未收到債務人A先生提出異議，法院則發給銀行支付命令確定證明書。事後A先生返回戶籍地始知悉上開情事，主張其未居住在戶籍地，本件支付命令並未合法送達。試問A先生的主張是否有理？
"," 一、何謂「支付命令」？
支付命令規定在民事訴訟法第六編「督促程序」，係指債權人對債務人若請求支付一定數量之金錢、或其他代替物(如白米20公斤)、或有價證券(如某股份有限公司股票50張)，可請求法院對債務人發支付命令，督促債務人在收到支付命令後20日內，向債權人清償並賠償程序費用。支付命令性質屬於非訟事件，並不需要經由法院開庭審理，為較簡易之解決紛爭方式。
若債務人於收到支付命令後20日內未提出異議，法院則會發給債權人支付命令確定證明書，則該支付命令得為執行名義，債權人得以該支付命令向執行法院聲請強制執行債務人之財產，若債務人欲阻止財產被執行，得於執行程序終結前提起債務人異議之訴(強制執行法第14條第2項)或另外提起確認債權不存在之訴並供擔保聲請停止強制執行(民事訴訟法第521條第3項)。
但若是債務人於支付命令送達後20日內有提出異議，則支付命令會失效，法院則會以債權人支付命令之聲請，視為起訴或聲請調解，雙方債權債務關係之爭議則會進入訴訟程序或調解程序。
二、「支付命令」之送達程序是否合法：
非訟事件法第31條規定，民事訴訟法有關送達之規定，於非訟事件準用之。又民事訴訟法第136條規定，向應受送達人即本人為送達時，應在本人之住居所、事務所、營業所、與本人會晤處所或本人就業處所行之，並應由本人親自收受，此時生送達之效力。又應送達處所中之「住所地」應如何認定？依民法第20條規定，住所地之認定須符合以下二要件，分別為「主觀上有久住意思」與「客觀上有住於一定區域事實」，因此，「戶籍地」並非作為認定住所地之唯一標準(最高法院107年台上字第62號判決)。但實務上(最高法院109年台抗字第313號裁定)認為，若無客觀的事證足認當事人已久無居住該原登記戶籍之地域，並已變更意思以其他地域為住所者，戶籍登記之處所，仍非不得作為推定其住所之依據，因此，在A先生能舉反證推翻台中並非其住所地之前，A先生之住所地仍係台中。縱使A先生是出於短暫避債之意思暫時不住台中，仍不改變A先生之住所仍為台中之事實，蓋A先生仍有歸返之意，對於台中無廢止其為住所之意思(最高法院106年台上字第2635號判決)。
又倘若未能於本人之住居所、事務所或營業所會晤應受送達之本人時，依同法第137條規定，只要應受送達人之同居人或受僱人有辨別事理的能力且該等之人亦非應受送達人之他造時，送達人只需將應送達之文書付與應受送達處所之同居人或受僱人，即生合法送達效力。本題中，A先生之配偶為同居人，故A先生之配偶收受支付命令，已生合法送達之效力。A先生之主張並無理由。"
何種案件得向臺中市政府採購申訴審議委員會申請調解？,"一、依政府採購法第85條之1及採購履約爭議調解規則第2條規定，廠商因辦理臺中市政府及所屬機關辦理政府採購案件，與機關因履約爭議未能達成協議者，得向臺中市政府採購申訴審議委員會申請調解。
二、調解申請書相關書表格式，得至「臺中市政府法制局全球資訊網-機關業務-採購申訴及履約爭議-履約爭議調解書表格式」項下下載利用。"
何種案件得向採購申訴審議委員會提出申訴？,"依政府採購法第76條、第85條及第102條規定，廠商對於下列事項，得於法定期間內向採購申訴審議委員會提出申訴：
（一）廠商對於公告金額以上採購異議之處理結果不服，或招標機關逾同法第75條第2項所定期限不為處理者。但爭議屬於同法第31條規定，不予發還或追繳押標金者，不受公告金額以上之限制。
（二）機關依同法第101條所為之通知，經異議後，仍不服異議處理結果。
（三）審議判斷書指明原採購行為違反法令，招標機關未於法定期限內為適法處置，廠商得自期限屆滿之次日起15日內向採購申訴審議委員會申訴。"
申請採購申訴或履約爭議調解是否需繳納費用？收費標準為何？,"一、依政府採購法第80條第4項及第85條之2規定，廠商提出採購申訴、申請履約爭議調解，應繳納審議費、調解費。
二、每一申訴事件審議費為新臺幣3萬元；調解事件之收費標準則以廠商請求或確認之調解標的金額，並依採購履約爭議調解收費辦法第5條所定級距，收取調解費。"
提起採購申訴法定期間及方式為何？,"一、依政府採購法第76條、第102條、採購申訴審議規則第2條及第7條規定，廠商不服機關所為異議處理結果，或機關於法定期限內不為處理者，廠商得於收受異議處理結果或期限屆滿之次日起15日內，依其屬中央機關或地方機關辦理之採購，以書面分別向主管機關、直轄市或縣（市）政府所設之採購申訴審議委員會申訴。廠商提出申訴，應同時繕具副本送招標機關。
二、依採購申訴審議規則第3條規定，申訴應具申訴書，載明下列事項，由申訴廠商簽名或蓋章︰（一）申訴廠商之名稱、地址、電話及負責人之姓名、性別、出生年月日、住所或居所。（二）原受理異議之機關。（三）申訴之事實及理由。（四）證據。（五）申訴之年、月、日。
三、申訴書相關書表格式，得至「臺中市政府法制局全球資訊網-機關業務-採購申訴及履約爭議-採購申訴書表格式」項下下載利用。"
申請履約爭議調解之方式？,"一、依採購履約爭議調解規則第6條規定，申請調解應具申請書，繕具履約雙方當事人之基本資料、欲請求之調解標的、事實及理由，並檢附契約及相關證據後，提送臺中市政府採購申訴審議委員會正本1份、繕本3份，並按他造人數分送副本。
二、調解申請書相關書表格式，得至「臺中市政府法制局全球資訊網-機關業務-採購申訴及履約爭議-履約爭議調解書表格式」項下下載利用。"
調解結果大致有幾類？調解不成立得否向調解委員會聲請證明文件？,"1.調解結果可分為調解成立與調解不成立兩類。依鄉鎮市調解條例第26、27條，調解成立經法院核定後，當事人就該事件不得再行起訴、告訴或自訴，且與民事確定判決有同一之效力；經法院核定之刑事調解，以給付金錢或其他代替物或有價證券之一定數量為標的者，其調解書得為執行名義。
2.依同法第30條，調解不成立者，當事人得向調解委員會聲請調解不成立證明書；調解委員會應於聲請後7日內發給。"
調解書可否不填個人資料(如住居所)？,依鄉鎮市調解條例第25條第1項第1款規定，調解成立時，調解委員會應作成調解書，記載當事人或其法定代理人之姓名、性別、年齡、職業、住、居所。另依鄉鎮市調解條例第27條第2項規定，經法院核定之民事調解，與民事確定判決有同一之效力；經法院核定之刑事調解，以給付金錢或其他代替物或有價證券之一定數量為標的者，其調解書得為執行名義。因經法院核定之調解書與確定判決有同一效力，且得為執行名義，故依法調解書上須載明調解當事人之個人資料，法院始得確認人別，如未記載，法院將不予核定。
何種事件可以向鄉鎮市區調解委員會聲請調解？,"1.依「鄉鎮市調解條例」第1條規定，鄉、鎮、市公所應設調解委員會，辦理下列調解事件：一、民事事件。二、告訴乃論之刑事事件。
2.民事事件例如債權債務之清償、房地產買賣、租賃、侵占、婚姻、繼承、公害賠償、商事買賣、其他有關民事事件。
3.告訴乃論的刑事事件如妨害風化、普通傷害、妨害名譽信用及秘密、親屬間財產犯罪、交通事故等。凡刑事案件如有侵權行為而有民事賠償請求權存在者，該民事賠償部分即屬民事事件，可由調解委員會就該民事賠償部分進行調解，與該案刑事部分是否屬告訴乃論之罪無涉（法務部107年7月6日法律字第 10703509940 號函）。"
聲請調解之方式為何？,"1.書面聲請：當事人向調解委員會索取聲請書自行填妥後提出聲請（鄉鎮市調解條例第10條第1項前段）。
2.言詞聲請：當事人以言詞向調解委員會提出聲請，經該會作成筆錄（鄉鎮市調解條例第10條第1項中段）。
3.當事人提出書面聲請者，應按他造人數提出繕本，即依對造人數提供聲請書的影本（鄉鎮市調解條例第10條第1項後段）。
4.聲請調解，應在聲請書中表明聲請調解的事由及爭議的情形；如果已經在法院辯論終結的案件，不得聲請調解（鄉鎮市調解條例第10條第2、3項）。"
聲請調解是否須經爭議事件之他方同意？,鄉鎮市調解條例第11條規定，聲請調解，民事事件應得當事人之同意；告訴乃論之刑事事件應得被害人之同意，始得進行調解。係因調解不具有強制性，調解委員決定調解期日，合法通知當事人或其代理人到場，並無拘束力，當事人無正當理由不到場，除認為有成立調解之望者，得另定調解期日外，視為調解不成立（法務部93年10月26日法律決字第0930036977號書函參照）。
應向何單位聲請調解？,"1.依「鄉鎮市調解條例」第13條，聲請調解事件之管轄如下：
一、兩造均在同一鄉、鎮、市居住者，由該鄉、鎮、市調解委員會調解。
二、兩造不在同一鄉、鎮、市居住者，民事事件由他造住、居所、營業所、事務所所在地，刑事事件由他造住、居所所在地或犯罪地之鄉、鎮、市調解委員會調解。
三、經兩造同意，並經接受聲請之鄉、鎮、市調解委員會同意者，得由該鄉、鎮、市調解委員會調解，不受前二款之限制。
2 .交通事故調解案件宜由當事人向警察機關申請相對人個人資料，俟警察機關確認肇事逃逸車輛並提供該肇逃者個人資料後，當事人再依據相關資料向調解機關聲請調解，調解機關即可據以依上開規定判斷調解案件管轄權之歸屬（法務部102年3月8日法律字第10200019250號函）。
3.本市各區調解委員會申請調解，可採線上方式申請（https://taichungmd.taichung.gov.tw/mediation.aspx）"
如何聲請債務、繼承、房屋漏水、車禍等糾紛之調解？,"1.依鄉鎮市調解條例第13、14條管轄規定，向對造住居所之區公所調解委員會聲請，繼承事件倘繼承人有數位，且住居所不在同一鄉鎮市區者，可得全部繼承人同意向其中一人之住居所調解委員會提出聲請。
2.填寫調解聲請書。
3.依聲請調解事件，分別提出「借據或票據」、「被繼承人除戶謄本、遺產清冊及全部繼承人戶籍謄本」、「建物權狀影本、漏水管線位置圖或照片、漏水施工估價單」、「交通事故鑑定報告、醫療費用收據、醫療診斷證明書影本」等各項證明文件。"
經法院核定之民事調解如有無效或得撤銷的原因，如何救濟？,法務部法律事務司98年6月25日法律決字第0980024001號函釋，經法院核定之調解案件，除兩造當事人均同意解除外，不得因單方申請而逕行撤銷調解成立案或不送法院審核；但如有意思瑕疵等情事，當事人仍得於法院核定後另依鄉鎮市調解條例第29條等規定提起調解無效或撤銷調解之訴。
告訴乃論之刑事事件由有告訴權人聲請調解，倘經調解不成立時，是否會影響刑事告訴之時效？,"1.按109年11月12日最高法院109年度台上字第4249號判決摘要：「鄉鎮市調解條例第 31 條規定：「告訴乃論之刑事事件由有告訴權之人聲請調解者，經調解不成立時，鄉、鎮、市公所依其向調解委員會提出之聲請，將調解事件移請該管檢察官偵查，並視為於聲請調解時已經告訴。」其立法目的乃為促使當事人善用鄉鎮市調解制度，使告訴乃論之罪之告訴權人，不致因聲請調解程序費時，造成調解不成立時，告訴權因告訴期間屆滿而喪失，以致影響其權益。而前揭法條既未規定有告訴權之人必須在調解不成立之「同時」聲請移請檢察官偵查，亦未對該聲請設有期間之限制。如認調解不成立之次日或其後6個月內（參照刑事訴訟法第237條規定之法理）向調解委員會提出聲請移請檢察官偵查，仍然無法視為於聲請調解時已經告訴，不免過苛，已然剝奪被害人告訴權之行使。因此，凡聲請調解不成立者，無論同時或其後6個月內向調解委員會聲請將調解事件移請該管檢察官偵查，均生視為於聲請調解時已經告訴之效果，俾符保障聲請調解之被害人猶能充分行使告訴權之立法本旨。至於為避免追訴與否懸而未定，無限聽其不安定狀態之繼續，前開向調解委員會聲請移請檢察官偵查之時間，是否宜有期間限制？以多久為適宜？尚非審判機關所能決定，有待循立法途徑解決。」
2.另109年11月25日臺灣高等法院暨所屬法院109年法律座談會刑事類提案第23號決議：「鄉鎮市調解條例第31條規定：「告訴乃論之刑事事件由有告訴權之人聲請調解者，經調解不成立時，鄉、鎮、市公所依其向調解委員會提出之聲請，將調解事件移請該管檢察官偵查，並視為於聲請調解時已經告訴。」其立法目的，乃為促使當事人重視鄉鎮市調解制度，樂於聲請調解，使告訴乃論之罪之告訴權人，不致因聲請調解程序費時，造成調解不成立時，告訴權因告訴期間屆滿而喪失，以致影響其權益。而告訴權人聲請調解不成立後，該告訴權人聲請調解委員會將調解事件移請檢察官偵查之期間並無限制，徵諸上開規定94年5月3日修正理由謂：「依刑事訴訟法之規定，限於有告訴權人之告訴始發生告訴之效果，是本條應限於有告訴權人之聲請調解始得視為於聲請調解時已經告訴，爰配合將『被害人』修正為『有告訴權之人』，以資明確。」可見立法者有意將「聲請調解」與「提出告訴」等視，兩者差別僅在於調解委員會並非偵查機關，從而只要調解不成立後，聲請調解之告訴權人聲請調解委員會將調解事件移請檢察官偵查，即視為於聲請調解時已經告訴，縱然此有無限期延長告訴期間之疑慮，但事涉告訴權人訴訟權之限制，應循修法途徑處理。
3.依上述法院實務見解，甲於民國108年1月1日因駕車過失致乙受傷，乙於 108年4月1日向丙鎮公所調解委員會聲請調解，於108年8月1日調解不成立。乙於109年3月1日聲請丙鎮公所調解委員會將調解事件移請檢察官偵查，檢察官於109年5月1日起訴甲涉犯過失傷害罪嫌，依鄉鎮市調解條例第31條規定，自應視為乙於108年4月1日聲請調解時已經告訴，其告訴合法，檢察官起訴之訴追條件並無欠缺，法院應為實體判決。"
在法院審理中的民事事件、在檢察署偵查中或法院審理中的刑事案件是否可以聲請調解？,鄉鎮市調解條例第10條第3項：第一條所定得調解事件已在第一審法院辯論終結者，不得聲請調解。至同法第1條所定得調解之民事、刑事事件有哪些，請參照「何種事件可以向鄉鎮市區調解委員會聲請調解」。
民眾聲請調解或法院移付調解後，調解委員會幾天內會通知當事人到場調解？,依「鄉鎮市調解條例」第15條第3項，第一項調解期日，應自受理聲請或移付之日起，不得逾15日。但當事人聲請延期者，得延長10日。
經鄉鎮市區調解委員會之調解成立案件其效力為何？刑事調解書經法院核定後，當事人就該事件是否可以再提起告訴或自訴？,"1.依「鄉鎮市調解條例」第27條規定，調解經法院核定後，當事人就該事件不得再行起訴、告訴或自訴。經法院核定之民事調解，與民事確定判決有同一之效力；經法院核定之刑事調解，以給付金錢或其他代替物或有價證券之一定數量為標的者，其調解書得為執行名義。
2.法務部108年9月4日法律字第10803513310號函：鄉鎮市調解條例第27 條第 1項、第28 條第2項規定參照，「不得告訴」應亦包含當事人尚未提起告訴之調解事件，又目前部分法院於審核調解書時，鑑於刑事告訴權不得預先捨棄，建議將調解書內容記載使用較無爭議文字；另上述規定係為使紛爭得以終局解決，避免調解經核定後再生爭端，倘調解書中以附帶條件方式撤回告訴，因條件是否成就未能確定，從而將影響調解內容之明確性與安定性，調解書中以附帶條件方式撤回告訴，恐遭法院不予核定。"
民眾間發生爭議時，利用鄉鎮市區調解委員會調解究竟有何好處？,"1.聲請調解之程序簡單、調解流程進行迅速。
2.依「鄉鎮市調解條例」第23條規定，除勘驗費應由當事人核實支付外，不徵收任何費用或報酬，或以任何名義收受報酬。
3.調解之開始、進行、終結均尊重當事人的意思（鄉鎮市調解條例第10、11、13、17、20條）。
4.依「鄉鎮市調解條例」第27條第2項規定，調解成立，送經法院核定後，與法院確定判決有同一效力。"
民眾發生紛爭，除到法院訴訟外，是否還有其他解決途徑？,民眾發生民事或告訴乃論刑事案件紛爭時，除了向法院提起訴訟外，還可以依照「鄉鎮市調解條例」第10條第1項之規定，由當事人向調解委員會以書面或言詞聲請調解；以言詞提出聲請者，應製作筆錄；以書面提出聲請者，應按他造人數提出繕本。
甲夫與乙妻於107年12月底間參加台中市府舉辦之跨年晚會認識，兩人相見恨晚，於108年2月閃電結婚並定居於臺中市，並於109年1月誕下一子丙男，但是好景不長，甲夫從事餐飲業，受新冠肺炎影響，甲在家放無薪假，頓時少了每月7萬元收入，乙妻則從事保母業，每月收入2萬餘元，因為收入減少，又要扶養幼子，導致甲夫與乙妻爭執不斷，雙方感情破裂，在109年10月10日雙方協議離婚，丙子親權歸乙女所有，乙女與丙子則搬到苗栗定居，甲、乙雙方於離婚協議書上載明：「雙方拋棄剩餘財產分配請求權，未來兩人財產各不相干，丙子由乙女負責扶養成人，日後絕不向甲男有任何請求。」未料乙女因某次疏忽未能將其照顧之丁男嬰照顧妥當，於是被雇主解雇導致失業，乙女坐吃山空，在存款即將用盡之時，想起了前夫甲男，乙女想以其名義具狀向法院提出請求扶養費之訴訟，但是又想起曾與前夫甲簽署之離婚協議書之約定，乙女驚覺不妙，內心覺得忐忑不安，不知如何是好？請問可否建議乙女採取何種方式取得扶養費？本案起訴前是否需先經過調解程序？如乙女最終想以訴訟為之，其受訴法院為何？可否由甲、乙協議至台中地方法院處理？ ,"一、乙女仍可向甲男請求未成年人丙子之扶養費依民法第1084條第2項之規定：「父母對於未成年之子女，有保護及教養之權利義務。」所謂保護及教養之權利義務，自包括「扶養」在內(最高法院107年台簡抗字第148號裁定)。又父母對於未成年子女之扶養義務，不因結婚經撤銷或離婚而受影響，民法第1116條之2定有明文。因此，即便乙女與甲男於離婚時協議，乙女日後絕不向甲男請求丙子之扶養費，但此不過為二人之「內部」約定而已，該約定對於未成年人丙子不生效力(最高法院98年台上字第1536號判決)，故乙女仍可本於丙子之名義，以法定代理人之身分向甲男請求扶養費(民法第1086條第1項參照)。
二、本案起訴前應經調解程序本案中，關於乙女代理未成年子女丙向甲男請求扶養費之事件，其定性為家事事件法第3條第5項第8款「定對於未成年子女權利義務之行使負擔事件」之戊類事件(最高法院102年台簡抗字第29號裁定、最高法院102年台抗字第339號裁定)。又「家事事件除第三條所定丁類事件外，於請求法院裁判前，應經法院調解」，家事事件法第23條第1項定有明文。因此，乙女在起訴前，依照上述規定，欲就戊類事件請求法院裁判之前，應經法院為調解程序，如乙女逕向法院請求裁判者，則視為調解之聲請(家事事件法第23條第2項本文參照)。
三、乙女如欲以訴訟為之，其受訴法院專屬為未成年丙子之住所地法院管轄，不可由甲、乙協議至台中地方法院處理由上述可知，關於乙女代理未成年子女丙向甲男請求扶養費之事件，屬於戊類之家事非訟事件，又依照家事事件法第104條第1項第1款之規定，關於未成年子女扶養之請求，專屬子女住所或居所地法院管轄，其立法目的為，關於上述之非訟事件，多發生在子女身分關係生活之中心即住居所地，為便利未成年人使用法院及調查證據之便捷，以追求實體及程序利益，宜以其住所或居所地法院專屬管轄。依此，丙子之住所地為苗栗，依上述規定，乙女如欲以訴訟為之，係以苗栗地方法院為「專屬」管轄，甲、乙「似」不可協議至台中地方法院處理。惟依家事事件法第6條第1項本文：「法院受理家事事件之全部或一部不屬其管轄者，除當事人有管轄之合意外，應依聲請或依職權以裁定移送於其管轄法院。」可知，不同於民事訴訟法，家事事件法中的「合意」管轄，其效力優先於「專屬」管轄(家事事件法第6條立法理由參照)，因此甲、乙仍可協議之台中地方法院處理，不受家事事件法第104條第1項專屬管轄之拘束。"
某甲為房屋仲介，每月銷售房屋可賺取佣金金額至少在50萬以上，每月生活開銷結餘約20萬，但是因妻子早年亡逝，結交多數酒店女友，開銷頗大，膝下育有4子，其中長男、次男、三男均國立大學研究所畢業，事業有成，但四子雖已成年，年紀輕輕不學好，結交壞朋友，甚至沾染毒品，某甲非常氣憤，某甲於109年11月16日，改邪歸正，決心不再流連酒店，此時名下財產，均為現金，總計有320萬元，甲心血來潮，寫了自書遺囑，將財產320萬元，分給長男、次男、三男各一百萬，因四子非常不受教，非常不開心，打算只給他20萬，甲寫完自書遺囑，想請民間公證人為他公證遺囑，以免死後四個小孩為遺產爭吵，請問民間公證人可以幫某甲做遺囑公證嗎？甲之遺囑有什麼問題？,"一、甲的自書遺囑符合自書遺囑的規定依民法第1189條，遺囑的方式只有「自書遺囑」、「公證遺囑」、「密封遺囑」、「代筆遺囑」、「口授遺囑」等五種方式，創設上述方式以外的遺囑，無效！所以不可不慎。本案中，甲是以「自書遺囑」的方式完成遺囑，因此須嚴格遵守民法第1190條的規定，而自書遺囑須遵守：(一)自書遺囑全文(即「手寫」，不可電腦繕打，參照最高法院102年台上字第900號裁定)、(二)記明年、月、日、(三)親自簽名。如果有一個地方未遵守，遺囑即無效！而甲的自書遺囑均符合上述自書遺囑的規定。
二、如果甲死亡時之遺產為320萬，則甲的自書遺囑已經侵害四子的特留分，但遺囑不會因為這樣而無效喔依民法第1187條，只要遺囑人在不違反特留分的範圍內，得以遺囑自由處分其遺產，本案中，甲的繼承人有4人，均為其直系血親卑親屬，應繼分為遺產的各四分之一(即各80萬)，而各自特留分為應繼分的二分之一(即各40萬)。然而，甲只願意給四子20萬，已侵害四子的特留分！則該遺囑是否會因違反特留分而無效呢？實務認為(最高法院81年台上字第1042號判決)，遺囑如果侵害特留分，則被侵害人得行使民法第1225條之「扣減權」，一旦行使，侵害特留分的部分，即失其效力。由此可知，侵害特留分的遺囑，仍有效，只是被侵害人(即本案的四子)得行使扣減權而已。
三、民間公證人仍得幫甲的遺囑公證，但應盡「特留分規定」之說明義務依上述，甲的自書遺囑有效，但甲如果害怕其死亡後，其繼承人會爭執遺囑之真偽而產生紛爭，因此甲可持該遺囑向公證人請求公證，以增加遺囑真偽、內容之信度。而公證人在面臨可能侵害特留分之遺囑，可否公證呢？對此，過往有公證人可能會主張其不得就違反法令(本案為可能違反特留分之情形，蓋是否違反特留分，應以甲死亡時之遺產數額為準，非甲目前之財產數額)事項作成公證書而拒絕公證(公證法第70條)，但公證法施行細則第71條訂定後，其規定內容為，公證人應向遺囑人說明民法關於特留分之規定，並且應於公證書記載該說明及當事人就此所為之表示，必要時並得註明：「於繼承開始時，其遺囑內容如有違反特留分之規定者，相關繼承人得依法扣減之」。由此可知，民間公證人仍得就該遺囑公證，只是須遵守上述公證法施行細則第71條規定而已。"
某甲現年50歲與某乙結婚經商有成多年，卻膝下無子，某甲與某丙、丁夫妻為國小同鄉同學感情甚篤，而某丙、丁夫妻育有二子一女，次子阿成剛滿一歲，某甲夫妻時常與丙夫妻相聚，並對阿成素有好感，新冠疫情爆發，致擔任導遊的某丙、丁夫妻失業，苦無收入，只能以工代賑短期在政府部門領取微薄薪水，但是三個小孩開支頗大，而某甲與某乙欲收養阿成，以減輕好友某丙的經濟壓力而丙、丁夫妻均有意願出養阿成。請問甲、乙夫妻是否可以直接收養阿成？(甲乙與阿成無任何血緣、姻親關係),"甲、乙夫妻是否可以收養阿成，必須要看是否同時符合以下二法律之規定：
一、兒童及少年福利與權益保障法(下稱「兒少法」)的規定兒少法第16條規定，如果本生父母丙、丁想要將「兒童」阿成(阿成為兒少法規定的「兒童」)出養的話，原則上應委託收出養媒合服務者代覓適當的收養人。但例外於下列情形之出養，則不須委託收出養媒合服務者代覓適當的收養人：(一)旁系血親在六親等以內及旁系姻親在五親等以內，輩分相當、(二)夫妻之一方收養他方子女。由於甲、乙並未符合上述兒少法的例外情形，亦即，甲乙與阿成無任何血緣、姻親關係，因此不可任意的直接收養阿成。丙、丁仍應委託收出養媒合服務者代覓適當的收養人。
二、民法的規定接續上述，若收出養媒合服務者代覓適當的收養人為甲、乙夫妻的話(這裡要說的是，在實務上，甲、乙不一定會成為收出養媒合服務者代覓之適當收養人喔，收出養媒合機構會視個案情形選出適當之收養人)，則仍須向法院為收養認可之聲請，法院在認可與否之審查時，除須審查收養是否符合未成年子女阿成之最佳利益外，尚須符合民法關於收養的規定，而民法關於收養未成年子女的規定，大致有：(一)收養人與被收養人年齡差距的規定(民法第1073條)。(二)收養人與被收養人不可有一定親屬關係的規定(民法第1073條之1)。(三)如被收養人未滿七歲，須由被收養人之本生父母代為並代受意思表示的規定(民法第1076條之2第1項)。
甲、乙夫妻與被收養人阿成與阿成之本生父母丙、丁均符合以上民法的規定，並無疑問。若甲、乙夫妻收養阿成係符合阿成的最佳利益，則甲、乙夫妻得收養阿成。法院會下認可收養的裁定。"
義務人收到本府各機關開立之裁處書應如何繳納罰鍰？,"一、本府民政局等19個機關之行政罰鍰案件，依照罰鍰金額的大小，可分別透過不同管道繳納罰鍰更便利，分別如下：（一）繳納罰鍰金額2萬元以下，可利用多元管道繳費機制，持繳費單就近至7-11、全家、萊爾富及OK便利商店等各大超商繳納。（二）繳納罰鍰金額2萬元以上，則可以透過ATM自動櫃員機或至臺灣銀行、農會及郵局或全國繳費網等代收機構繳納罰鍰。（三）行政罰鍰案件多元管道繳納方式說明網址：https://aesearch.taichung.gov.tw/tbrf_opendata/multiple.jsp以上可利用「行政罰鍰案件多元管道繳納機制」之機關計有：法制局、民政局、財政局、教育局、經濟發展局、建設局、交通局、都市發展局、水利局、農業局、觀光旅遊局、社會局、勞工局、消防局、衛生局、文化局、地政局、新聞局、原住民族事務委員會等19個機關。
 
二、另外，自105年12月15日起，除文化局及原住民族事務委員會外，其餘16個機關均可透過下列2種方式進行線上繳費：（一）晶片金融卡轉帳：需自備讀卡機，每筆交易手續費金額為15元。（詳細說明及注意事項）（二）信用卡繳費：手續費依各發卡銀行而定。（詳細說明及注意事項）"
王老闆在台中經營一家火鍋店，為網紅名店，中秋節連續假期，原本雇用之員工小花，趁假日返回高雄家鄉探親，導致連續假期人手不足，王老闆的外甥小明剛好來台中遊玩，順道至王老闆的店裡拜訪，小明眼見店內高朋滿座人手應接不暇，遂主動提議連續假期要幫忙店內生意，王老闆認為小明有在咖啡廳打工經驗，便請小明在內外場幫忙；不料，小明在更換瓦斯瓶時操作不慎引發瓦斯外洩，遇到火源造成氣爆，造成數名顧客燒燙傷；事後，受傷顧客提告王老闆，要求王老闆與小明連帶賠償醫療費用、精神慰撫金等，請問是否有理？ ,"「受僱人因執行職務，不法侵害他人之權利者，由僱用人與行為人連帶負損害賠償責任。但選任受僱人及監督其職務之執行，已盡相當之注意或縱加以相當之注意而仍不免發生損害者，僱用人不負賠償任。」民法第188條第1項定有明文。
民法第188條所稱之受僱人，依法院實務見解：係以「事實上之僱用關係」為標準，僱用人與受僱人間已否成立正式契約；雇主是否有依法給付薪資、投保勞健保等，均在所不問，且非僅限於僱傭契約所稱之受僱人，凡客觀上被他人使用為之服務勞務而受其監督者均係受僱人。換言之，依一般社會觀念，若其人確有使用他人為之服勞務而受其監督之客觀事實存在，自應認其人為該他人之僱用人。可見，雖然王老闆是臨時起意請小明幫忙店內事務，沒有成立正式勞動契約，但是因為王老闆指揮監督小明處理火鍋店的事務，所以王老闆是小明的僱用人並無疑義。
結論：僱用人藉由受僱人為其工作，因而擴大或延伸其活動範圍，僱用人自應就其選任監督受僱人負注意之義務，以預防受僱人在工作時發生侵害他人權利之情事；本案中，王老闆不清楚小明的作業能力，僅憑小明的打工經驗就由其自行更換瓦斯瓶造成氣爆，疏未盡雇佣人選任、監督其受僱人之責任，因此，根據民法第188條第1項之規定，僱主王老闆應該與受僱人小明連帶負損害賠償之責任。"
"小王帶著女友小芳連夜喝酒應酬，因為小芳不會喝酒，所以只有喝汽水。小王結束應酬後已經酒醉頭暈，仍逞強開車載小芳回家，但因酒後注意力減低、反應變慢，不慎追撞前方等紅燈的機車騎士，造成機車騎重摔在地。小王驚醒後，深怕自己酒後駕車撞人，將遭判重刑，所以央求小芳變換位置，冒充為駕駛。小芳深怕小王坐牢，只好答應冒充駕駛的請求；警方到場後將騎士送醫並實施酒測，騎士脊椎受傷下半身癱瘓，而小王酒測值為吐氣酒精濃度每公升0.75毫克、小芳酒測值則為0，然小芳卻向警察堅稱是自己駕車不慎撞傷騎士的，請問小王觸犯何罪? 小芳觸犯何罪？
", 壹、小王觸犯何罪？ 一、小王成立刑法不能安全駕駛致人重傷罪：騎士下半身癱瘓，符合刑法第10條第4項「毀敗或嚴重減損一肢以上之機能」重傷之定義­；而小王酒測值吐氣酒精濃度每公升0.75毫克，已達刑法第185-3條1項「吐氣所含酒精濃度達每公升零點二五毫克以上」之標準，屬於不能安全駕駛行為，小王的酒後肇事造成機車騎士受重傷，觸犯刑法第185條之3第2項不能安全駕駛致人重傷罪。 二、小王不成立教唆頂替罪： 依最高法院判例見解：「犯人自行隱避，在刑法上既非處罰之行為，則教唆他人頂替自己以便隱避，當然亦在不罰之列。」。小王雖教唆小芳頂替自己，按上開判例意旨，小王並不構成刑法第29條及第164條第2項之教唆頂替罪。 貳、小芳觸犯何罪？ 一、刑法第164條第2項頂替罪所處罰的「頂替」行為，包括「單純頂替」與「冒名頂替」。單純頂替例如：甲是犯罪行為人，乙竟出面向檢警機關冒稱自己是該起犯罪的行為人，並接受偵審。冒名頂替例如：甲是犯罪行為人，乙竟出面向檢警機關冒稱自己是甲，並接受偵審。 二、本案小王因為酒後駕車，無法安全駕駛，撞傷機車騎士致重傷，觸犯刑法不能安全駕駛致重傷罪。小芳明知前揭情事，竟為意圖使小王隱避而予以頂替，與小王互換座位，並冒稱為駕駛，誤導檢警偵辦方向，浪費司法資源，且有導致檢察官誤起訴及法院誤判之虞，已觸犯刑法第164條第2項之「意圖使人犯隱避而頂替罪」。
"李太太於結婚後，對於李先生經常賭博酗酒的惡習感到無法忍受；多次溝通無效後，李太太遂向李先生提出離婚的要求。為了迅速完成離婚手續，李太太在公司先請兩位同事在離婚協議書上的證人欄位簽名，下班後再將離婚協議書帶回家，自己簽名後，也要求李先生一起簽名。隔天一早，李太太與李先生一起帶著離婚協議書，前往戶政事務所辦理離婚登記。不料李先生嗣後後悔，向法院主張離婚無效，請問，該離婚是否合法有效？
",一、按「兩願離婚，應以書面為之，有二人以上證人之簽名並應向戶政機關為離婚之登記。」民法第1050條定有明文。顯見，兩願離婚時，應具備：1、書面（離婚協議書）；2、二人以上證人之簽名；3、共同向戶政機關為離婚登記等3個要件。二、依最高法院實務見解：「民法第1050條所謂二人以上證人之簽名，固不限於作成離婚證書時為之，亦不限於協議離婚時在場之人，始得為證人，然究難謂非親見或親聞雙方當事人確有離婚真意之人，亦得為證人。」換言之，離婚證人須親自見聞雙方有離婚之真意，始足當知；本案中的離婚證人(李太太的二位同事)，只知道李太太有離婚的意思而簽名於離婚證明書，未曾親自見聞李先生確有離婚之真意，依上述見解，自難認兩造間之協議離婚，已具備民法1050條之法定要件。三、小結：本案例李太太的二位公司同事因為並未親見或親聞李先生確有離婚真意，只依憑李太太片面之詞，即簽名於離婚協議書。因此，本案離婚應屬無效，婚姻關係仍然存續。
"林先生婚後每日酗酒未拿錢養家，之後更離家出走，留下林太太獨自扶養就讀國小的女兒。事隔多年，林先生的女兒已成年，林先生卻晚年罹癌，無法工作，經濟困難，便向女兒請求每月給他新臺幣15,000元生活費，以盡扶養義務，惟林先生的女兒目前亦無工作並無經濟收入。試問早年未對女兒盡扶養義務的林先生，是否可以請求女兒盡扶養義務？
", 一、「直系血親相互間，互負扶養義務。」「受扶養權利者，以不能維持生活而無謀生能力者為限。前項無謀生能力之限制，於直系血親尊親屬，不適用之。」「因負擔扶養義務而不能維持自己生活者，免除其義務。但受扶養權利者為直系血親尊親屬或配偶時，減輕其義務。」為民法第1114條第1款、第1117條第、第1118條所明定。是扶養義務之發生，必須受扶養權利人有受扶養之必要， 且扶養義務人有扶養之可能。而直系血親尊親屬受扶養者，仍須以不能維持生活為限。至所謂不能維持生活，係指不能以自己之財產及勞力所得以維持自己之生活而言。 二、按受扶養權利者對負扶養義務者無正當理由未盡扶養義務，且情節重大者，法院得免除負扶養義務者對受扶養權利者之扶養義務，民法第1118條之1第2項亦定有明文。 三、小結：本案林先生雖有不能維持生活之事實，但其對女兒於應予扶養階段，拋棄女兒，無正當理由未對女兒克盡父親之扶養義務，情節重大，所以林先生的女兒得請求法院免除其對林先生的扶養義務。 四、配合民法第1118條之1之減輕或免除扶養義務的修正規定，刑法第294條之1規定，對於無自救力之人（例如：本案之林先生，以下同），依民法親屬編應扶助、養育或保護，因無自救力之人前對其（例如：本案之林先生的女兒）無正當理由未盡扶養義務持續逾2年，且情節重大者，而不為無自救力之人生存所必要之扶助、養育或保護者，不罰。亦即本案之林先生的女兒可不負遺棄罪刑責。
小玉與小強結婚後一起生活至今已有三年，在婚姻生活當中，小強因為酗酒成習，常常於酒後在家中辱罵小玉，甚至對小玉拳打腳踢。上星期小強又故態復萌，在酒後揚言要將小玉打死，並持續猛力毆擊小玉頭部數拳，直到小玉昏倒不省人事，造成小玉頭部重創。小玉事後雖然康復，但是已極為驚恐，不敢再與小強相處！請問，小玉可以採取哪些法律行動，以保障自己的權利？,"一、家庭暴力防治法之規定： 按照家庭暴力防治法第2條第1款的規定，家庭暴力是指家庭成員間實施身體或精神上不法侵害之行為。小玉可以依家庭暴力防治法第8條之規定向直轄市、縣（市）主管機關所設立之家庭暴力防治中心求助(臺中市家庭暴力及性侵害防治中心，服務諮詢專線：04-22289111分機38800；全國24小時保護專線「113」)，以及依家庭暴力防治法第10條之規定向法院聲請保護令。
二、訴請裁判離婚與侵權行為損害賠償：

按「夫妻之一方，有下列情形之一者，他方得向法院請求離婚：……三、夫妻之一方對他方為不堪同居之虐待。……六、夫妻之一方意圖殺害他方。……。」、「有前項以外之重大事由，難以維持婚姻者，夫妻之一方得請求離婚。……。」民法第1052條第1項第3款、第6款、1052條第2項前段分別定有明文。小玉得依前揭民法第1052條第1項第3款、第6款、第1052條第2項前段等規定向法院請求裁判離婚。
按「因故意或過失，不法侵害他人之權利者，負損害賠償責任。」民法第184條第1項前段定有明文。次按「不法侵害他人之身體、健康、……，或不法侵害其他人格法益而情節重大者，被害人雖非財產上之損害，亦得請求賠償相當之金額。……。」民法第195條第1項前段亦定有明文。小玉得依前揭民法第184條第1項前段之規定請求損害賠償，亦得依前揭民法第195條第1項前段請求非財產上之損害賠償。

三、提出傷害罪與殺人未遂罪之刑事告訴： 按「傷害人之身體或健康者，處三年以下有期徒刑、拘役或五十萬元以下罰金。」刑法第277條第1項定有明文。再按「殺人者，處死刑、無期徒刑或十年以上有期徒刑。」、「前項之未遂犯罰之。」刑法第271條第1項、第2項亦定有明文。小玉得依前揭刑法第277條第1項、第271條第1項、第2項之規定，向警察局或地檢署對小強提出傷害或殺人未遂的刑事告訴，追究小強的刑事責任。"
"小明下雨天持傘到餐廳吃飯，離開時，將別人放在門口的雨傘誤以為是自己的雨傘而拿走。請問，小明是否該當刑法第320條第1項竊盜罪？
","按「意圖為自己或第三人不法之所有，而竊取他人之動產者，為竊盜罪，處五年以下有期徒刑、拘役或五十萬元以下罰金。」刑法第320條第1項定有明文。小明因為將別人的雨傘「誤認」為是自己的，才加以拿走，所以並不具備為自己或第三人不法所有之意圖，因此，並不該當刑法第320條第1項所定之竊盜罪。
"
小明與小華各出資一半購買一台筆記型電腦，約定共有該筆記型電腦，並由小華保管使用。某日，小明因為缺錢，在未告知小華的情況下，私自將該筆記型電腦拿走，並賣掉換取現金花用。請問，小明是否該當刑法第320條第1項竊盜罪？,按「共有人竊取在他人持有中之共有動產者，應成立竊盜罪。」最高法院25年5月12日刑事庭決議著有明文。案例中筆記型電腦雖是小明與小華所共有，但是由於筆記型電腦是在小華的持有當中，小明加以竊取，仍該當刑法第320條第1項所定之竊盜罪。
小明因為毒癮發作，於是私自將室友小華所持有的甲基安非他命拿走並吸食。請問，小明是否該當刑法第320條第1項竊盜罪？,按「竊盜罪之標的物，不以非違禁物為限。鴉片雖係違禁物品，竊取之者仍應成立刑法第三百二十條第一項之罪。」，司法院院字第2348號解釋著有明文。小華持有的甲基安非他命雖屬違禁物品，小明將其竊取，仍該當刑法第320條第1項所定之竊盜罪。另外，甲基安非他命屬毒品危害防制條例第2條第2項第2款所列之第二級毒品，不得非法持有、施用。小華如「持有」進而「施用」，係犯毒品危害防制條例第10條第2項之施用第二級毒品罪。雖然小華先「持有」第二級毒品甲基安非他命，進而「施用」，低度持有行為被施用之高度行為所吸收。故小華依毒品危害防制條例第10條第2項：「施用第二級毒品者，處三年以下有期徒刑。
"國稅局寄發補稅單給住在公寓大廈的小明，並由大廈管理員代收，小明認為公寓大廈管理委員會僱用之管理員僅有從事保全工作，不能代為收領文書，國稅局之補稅單送達不合法；究竟公寓大廈之管理員有無權限代為收領文書？ 
",「送達，於應受送達人之住居所、事務所或營業所為之。但在行政機關辦公處所或他處會晤應受送達人時，得於會晤處所為之。」、「應受送達人有就業處所者，亦得向該處所為送達。」、「於應送達處所不獲會晤應受送達人時，得將文書付與有辨別事理能力之同居人、受雇人或應送達處所之接收郵件人員。前項規定於前項人員與應受送達人在該行政程序上利害關係相反者，不適用之。應受送達人或其同居人、受雇人、接收郵件人員無正當理由拒絕收領文書時，得將文書留置於應送達處所，以為送達。」，行政程序法第72條第1項及第3項、第73條定有明文。 一般公寓大廈為謀全體住戶之方便，多設有管理處或管理委員會，以統一處理大廈內各種事務，並僱用管理員或委由專業保全公司負責大廈之安全事宜及代收文件等工作，該管理員或保全人員之性質，即與行政程序法第73條第1項前段所規定之「受雇人」相當；故應送達大廈內住戶之文書，如蓋有管理委員會之章，足證管理委員會有授權管理員代收郵件，否則不會將管理委員會之收發章交管理員使用，並由管理員以受僱人身分簽名簽收，即發生合法送達於本人之效果。至該管理員何時將文書轉交應受送達人，對已生之送達效力不受影響。
"因一場車禍造成未成年的小明父母雙亡且無遺囑指定監護人，小明無兄弟姊妹，祖父母亦早已亡故，如何替小明「選定」監護人？ 
","民法關於未成年人之監護人制度設計，係在使監護人擔任保護未成年人之利益，及管理、代理未成年人財產為目的之制度。未成年人無父母，如父母死亡、受死亡宣告或父母均不能行使、負擔對於其未成年人之權利義務，無論其為事實上或法律上不能，法院應「選定」未成年人之監護人，以保護未成年人利益。因此除未成年人已結婚者外，未成年人應有監護人以保障其利益。
未成年人小明父母車禍意外死亡，小明無兄弟姊妹，祖父母亦早已亡故，如何替小明「選定」監護人？按民法第1094條第1項規定，依下列順序「定」未成年人之監護人：1、與未成年人同居的祖父母；2、與未成年人同居的兄姊；3、不與未成年人同居的祖父母。（民法第1094條第1項參照）
無法依前述規定順序「定」未成年人之監護人時，法院得依未成年人、四親等內的親屬、檢察官、主管機關或其他利害關係人的聲請，為未成年人的最佳利益，就未成年人的三親等旁系血親尊親屬、主管機關、社會福利機構或其他適當的人「選定」為監護人，並得指定監護方法（民法第1094條第3項參照）。
法院依前述選定未成年人之監護人，或依民法第1106條另行選定監護人時，應同時指定會同開具財產清冊之人。另有臨時監護人之設，即民法第1094條第4項規定。未成年人無監護人，於法院為其「選定」監護人確定前，由當地社會福利主管機關為其監護人（民法第1094條第4項及第5項參照）。"
"小明與小華因為長年的生意競爭，形同水火，某日小明因為氣憤難耐，在與朋友聚餐時揚言要將小華殺死。請問，小明是否該當刑法第305條恐嚇罪？
","按「刑法第305條之恐嚇罪，所稱以加害生命、身體、自由、名譽、財產之事，恐嚇他人者，係指以使人生畏怖心為目的，而通知將加惡害之旨於被害人而言。若僅在外揚言加害，並未對於被害人為惡害之通知，尚難構成本罪。」。本案因為小明並未對小華為惡害之通知，所以並不該當恐嚇罪。
"
小明與小華因為停車糾紛，小明一時情緒失控，搬起路邊的大石，砸破小華所駕汽車之擋風玻璃。請問，小明是否該當刑法第305條恐嚇罪？,按「所謂恐嚇，係指以將來害惡之事通知他人，使其發生恐怖心之謂，舉凡以言詞、文字或舉動相恐嚇，將加害惡於他人之生命、身體、自由、名譽、財產者皆屬之」。本案小明係以兇暴之姿態，搬大石頭砸破被害人小華汽車擋風玻璃，此方法自足以使被害人心生畏懼，該當恐嚇罪。
小華欠小明一百萬元不還，小明在盛怒之下，當面詛咒小華出門被雷公打死。請問，小明是否該當刑法第305條恐嚇罪？,對於恐嚇的行為態樣，必需是人力所能支配的惡害行為。如果是告知人力所不能支配的惡害，並不會構成恐嚇罪。本案小明當面詛咒小華出門被雷公打死之行為並不該當恐嚇罪。
小明看了知名影星代言健身中心的廣告，對明星精壯健美的身材十分嚮往，報名繳交會費成為該健身中心為期一年的會員，打算來好好鍛鍊肌肉、雕塑體態。不巧的是，小明在報名後不久隨即接到了公司的職務調動，須外派至其他縣市半年時間，小明能否解約或有無其他保障權益的方法?,"依「健身中心定型化契約應記載及不得記載事項」第六點規定，如果小明在契約生效後七日內均未使用業者設施或個人教練課程，可以解除契約，並請求全額退還已繳費用；但已逾七日或已經有使用業者的設施、教練課， 則小明可依第七點規定，要求業者退還扣除依簽約時單月使用費乘以實際經過月數（其有未滿十五日者，以半個月計，逾十五日者，以一個月計）之費用。
無法認定簽約時單月使用費者，按契約存續期間比例退還消費者已繳之費用，作為退費金額。業者並得另外請求退費金額之一部分（不得逾退費金額之百分之二十）計算之違約金，以賠償所受損失。
另外依「健身中心定型化契約應記載及不得記載事項」第十點規定，消費者有下列情形之一者，得事先以書面向業者辦理暫停會員權行使，於停權期間，免繳月費，會員權有效期間順延：（一）因出國逾二個月者，依本款辦理暫停會員權益，其期間以____個月為限(不得超過六個月）。但消費者同意得於境外使用業者所提供健身設施者，不在此限。（二）因傷害、疾病或身體不適致不宜運動者。（三）因懷孕或有育養出生未逾六個月嬰兒之需要者。（四）因服兵役致難以行使會員權者。（五）因職務異動或遷居致難以行使會員權者。（六）其他雖不符合前列各款事由，但不可歸責於消費者事由致無法使用健身設備者。
小明因為職務調動的原因可依上述規，以書面向健身中心辦理暫停會員權行使至外派期間結束後再繼續使用該健身中心。"
小華在Y美妝店買了一瓶S廠牌的化妝水，使用過後皮膚隨即出現紅腫、癢痛的反應，小華該向誰請求賠償? 可以透過有什麼管道保障自己的權益?,"依消費者保護法第7條之規定:「從事設計、生產、製造商品或提供服務之企業經營者，於提供商品流通進入市場，或提供服務時，應確保該商品或服務，符合當時科技或專業水準可合理期待之安全性」。同法第8條: 「從事經銷之企業經營者，就商品或服務所生之損害，與設計、生產、製造商品或提供服務之企業經營者連帶負賠償責任。但其對於損害之防免已盡相當之注意，或縱加以相當之注意而仍不免發生損害者，不在此限」。
案例中，Y美妝店為從事經銷之企業經營者、S廠牌商品自造商，二者對消費者之損害負連帶負賠償責任。小華對Y美妝店，S牌廠商皆有損害賠償請求權。
消費者如遇有使用化妝品引起身體不適或傷害時，應立即停用，並保留化妝品以待化驗，找出因果關係，向所在地之消費者保護中心申訴、申請調解或直接向法院、檢察署提出民刑事之告訴，尋求救濟。"
假日只想宅在家的小明，利用速食業者的官方網站訂購外送餐點，預計送餐時間約15至30分鐘，沒想到小明等了一個多小時餐點遲遲未到，致電業者想要取消訂餐，得到的回覆卻是「官網之外送服務條款已有載明: 在訂貨時所提供的交貨時間僅為預估之大約時間，視情形而有不同，客戶不得已超過預計送餐時間為由取消訂購之餐點」；業者所自訂之外送服務條款是否合理?,"速食業者官方網站上的「外送服務條款」屬於消費者保護法(下稱「消保法」)中所定義之「定型化契約條款」，所謂定型化契約係企業經營者基於方便性與不特定多數消費者訂約時，單方預先擬定，無固定型式，不限於書面，張貼、牌示、網際網路、或其他方法表示均屬之。
消費者保護法第11條明文規定，企業經營者在定型化契約中所用的條款，應本「平等互惠」的原則
消費者保護法第12條定型化契約中之條款違反「誠信原則」，對消費者顯失公平者，無效。定型化契約中之條款有下列情形之一者，推定其顯失公平：一、違反平等互惠原則者。二、條款與其所排除不予適用之任意規定之立法意旨顯相矛盾者。三、契約之主要權利或義務，因受條款之限制，致契約之目的難以達成者。
消費者保護法施行細則第14條並補充規定其判斷標準為：定型化契約條款，有下列情事之一者，為違反平等互惠原則：1.對待給付不相當：當事人間的給付與對待給付顯不相當者。2.危險分配不合理：消費者應負擔非其所能控制的危險者。3.違約責任不相當：消費者違約時，應負擔顯不相當的賠償責任者。4.其他不相當情事：其他顯有不利於消費者的情形者。
案例中業者所延長的送餐時間比起預估或承諾的多出好幾倍，消費者對於業者遲延交期的狀況，不僅無法取消訂單，面對延遲送餐的損害，仍必須被迫付費，種種不利於消費者的「外送服務條款」，可能已經違背《消保法》第 11條及第12條「平等互惠原則」、「誠信原則」，而難認為該條款有效。
此外，如有遇到類似消費問題，可以利用市話或手機撥打全國性消費者服務專線「1950」(付費電話)，或向所在地之「消費者服務中心」提出申訴，以保障自身的權利。"
我可以請求國家賠償嗎？,"國家賠償法第2條及第3條定有國家應負損害賠償責任的情形如下：(1)公務員於執行職務行使公權力時，因故意或過失不法侵害人民自由或權利者。(2)公務員怠於執行職務，致人民自由或權利遭受損害者。(3)公共設施因設置或管理有欠缺，致人民生命、身體、人身自由或財產受損害者。(4)公共設施設施委託民間團體或個人管理時，因管理欠缺致人民生命、身體、人身自由或財產受損害者。
如果您認為國家應該對您負損害賠償責任(例如：您是直接被害人、民法第192、194條之人…等)，可以依法以書面向賠償義務機關請求國家賠償，不過是否賠償仍由賠償義務機關及司法機關依案件實際情形決定。"
國家賠償多久以內可以申請？請求權時效期間如何計算？,申請國家賠償必須請您注意請求權時效的規定，若在時效消滅後才申請，有可能會使您權益受到影響。而國家賠償法第8條定有賠償請求權的時效，自請求權人知有損害時起，因2年間不行使而消滅；自損害發生時起，逾5年者亦同。
我要請求國家賠償該怎麼做？文件需要親送嗎？,"若您要請求國家賠償，請填寫「國家賠償請求書」，再由請求權人或代理人(若無則免填)簽名或蓋章，依法須填寫的欄位如下，國家賠償請求書格式可至此下載(https://www.legal.taichung.gov.tw/334445/post)：(1)請求權人之姓名、性別、出生年月日、出生地、身分證統一編號、職業、住所或居所。請求權人為法人或其他團體者，其名稱、主事務所或主營業所及代表人之姓名、性別、住所或居所。 (2)有代理人者，其姓名、性別、出生年月日、出生地、身分證統一編號、職業、住所或居所。 (3)請求賠償之事實、理由及證據。 (4)請求損害賠償之金額或回復原狀之內容。 (5)賠償義務機關。 (6)年、月、日。
另外國家賠償請求並不限於親自送件，亦可以郵寄方式辦理，不過請求國家賠償的日期是以機關「收受」的日期為準，請您務必注意相關請求權時效，以免影響權益。"
我該向誰請求國家賠償？賠償義務機關如何認定？,"請求國家賠償，應先以書面向賠償義務機關請求。而賠償義務機關如何認定，國家賠償法規定如下：
依國家賠償法第2條第2項請求損害賠償者，以該公務員所屬機關為賠償義務機關。
依國家賠償法第3條第1項請求損害賠償者，以該公共設施之設置或管理機關為賠償義務機關。
依國家賠償法第3條第2項請求損害賠償者，以委託機關為賠償義務機關。
若前面所列賠償義務機關經裁撤或改組，以承受其業務之機關為賠償義務機關。無承受其業務之機關，則以其上級機關為賠償義務機關。
假如還是不能依前面情形確定賠償義務機關，或於賠償義務機關有爭議時，得請求其上級機關確定之。其上級機關自被請求之日起超過20日不為確定者，得逕以該上級機關為賠償義務機關。"
我想知道請求國家賠償的話，可以請求什麼項目？須提出哪些文件？,"以下僅簡要說明一般國家賠償案件之請求項目及須檢附之文件供參考，實際應檢附資料須視個案情形而定。若您有請求項目或金額上的疑義，建議您洽詢相關法律專業人士，以保障您的權益：
1.若被害人有受傷情形：
(1)醫療費：請檢附醫療院所出具之診斷證明書及醫療費用單據。
(2)生活需要之增加費用：請檢附相關單據，若係請求看護費用、營養品費或其他醫療用品，請一併檢附相關醫囑。
(3)勞動能力減損或喪失之損害賠償：請檢附醫師鑑定失能項目及失能等級資料、六個月內薪資證明等。
(4)不能工作之薪資損失：請檢附六個月內薪資證明及接受治療不能工作之期間之證明文件等。
(5)慰撫金：若有符合勞工保險失能給付標準附表所載失能等級，請一併檢附相關資料。
2.若財物上受有損害：
(1)修復費用或重置費用：請檢附相關單據等。
(2)具有耗損性質之材料，或修復需更換新品者，需折舊計算。
(3)有投保商業保險者，請檢附相關理賠資料。
3.若被害人不幸死亡
(1)殯葬費：如收殮費及埋葬費等，請檢附相關單據。
(2)扶養費：請檢附被害人年齡、扶養義務人人數等相關資料。
(3)醫療費：請檢附醫療院所出具之診斷證明書及醫療費用單據。
(4)生活需要之增加費用：請檢附相關單據，若係請求看護費用、營養品費或其他醫療用品，請一併檢附相關醫囑。
(5)慰撫金：以被害人之父、母、子、女及配偶為限。胎兒以將來非死產者為限，亦得請求慰撫金。
4.與有過失
若損害之發生或擴大，請求權人或被害人與有過失時，損害賠償數額將依過失之比例核減。"
我向機關請求之後都沒有下文，應如何處理？,您可先向賠償義務機關的承辦人洽詢辦理狀況，若您提出請求後，賠償義務機關自提出請求之日起超過30日不開始協議，或是自開始協議之日起超過60日協議不成立時，您可以依法向法院提起損害賠償之訴。
我為什麼收到拒絕賠償理由書？應如何處理？,若您收到拒絕賠償理由書，通常是被請求賠償損害的機關認為其非賠償義務機關或無賠償義務，而您若不服該拒絕賠償理由書，得依法向法院提起損害賠償之訴。
我不滿意機關提出的協議金額，應如何處理？,若您未申請發給協議不成立證明書，得請求賠償義務機關繼續協議，但以1次為限。或是您也可以依規定申請發給協議不成立證明書，再依法向法院提起損害賠償之訴。
"模特兒小芳與某建設公司富二代小明熱戀交往，小明為了表示對小芳的愛意，在交往期間分別贈送給小芳名牌香水、名牌包包、鑽石項鍊等貴重物品，小芳欣然接受。後來因為雙方個性不合，時常爭吵，於是協議分手。小明在分手後能要求小芳將之前受贈的名牌香水、名牌包包、鑽石項鍊返還嗎？ 
","按「稱贈與者，謂當事人約定，一方以自己之財物無償給與他方，他方允受之契約。」民法第406條定有明文。本案例中，小明係以無償之方式給與小芳名牌香水、名牌包包、鑽石項鍊等物品，所以小明與小芳之間成立贈與契約的法律關係。 
「贈與物之權利未移轉前，贈與人得撤銷其贈與。其一部已移轉者，得就其未移轉之部分撤銷之。」民法第408條第1項定有明文。由於小明贈與給小芳的名牌香水、名牌包包、鑽石項鍊均是『動產』，而依民法第761條第1項前段之規定：「動產物權之讓與，非將動產交付，不生效力。」由此可見，前揭物品既已交付給小芳，故所有權均已移轉，所以小明不得撤銷贈與，也不得要求返還。 
另外「受贈人對於贈與人，有左列情事之一者，贈與人得撤銷其贈與：一、對於贈與人、其配偶、直系血親、三親等內旁系血親或二親等內姻親，有故意侵害之行為，依刑法有處罰之明文者。二、對於贈與人有扶養義務而不履行者。」民法第416條第1項另定有明文。案例中，小芳並無前揭對於小明、小明的配偶、直系血親、三親等內旁系血親或二親等內姻親，有故意侵害之行為，依刑法有處罰之明文；或者對於小明有扶養義務而不履行的情事。所以，小明不得撤銷贈與，也不得要求返還贈送給小芳的物品。"
什麼是訴願？,"訴願為憲法所保障的權利，人民如果遭受公權力的行政處分侵害時，可依程序提起訴願救濟，矯正違法或不當處分，維護法規之正確適用及人民合法權益。
訴願種類大致可分為兩種：一種是人民對於中央或地方機關之行政處分，認為違法或不當，致損害其權利或利益者，得依本法提起訴願。例如：您某天收到了本府建設局的裁處書，裡面記載您於公園內違規騎機車裁罰1200元，這時候您若不服就可以依程序提起訴願來救濟。另一種是人民因中央或地方機關對其依法申請之案件，於法定期間內應作為而不作為，認為損害其權利或利益者，亦得提起訴願。例如您向行政機關依法申請，但是行政機關過了法定期間(法令如果沒有規定就是受理申請之日起二個月)都還沒有給您依法申請的結果，這時候就可以依程序提起訴願來救濟。"
什麼是行政處分？,行政處分是行政機關就公法上具體事件所為的決定或其他公權力措施而對外直接發生法律上效果的單方行政行為。簡單的說，若行政機關的行為直接影響人民權利義務關係，且實際上已對外發生效力，就有可能是行政處分。常見的行政處分例如：行政機關依據其主管法令作出的罰鍰、認定(中)低收入戶資格的函文、土地登記案件駁回通知書…等，如果對於行政處分不服，除了法律有特別規定的救濟程序(例如：道路交通管理處罰條例)外，可以提起訴願來救濟。
誰可以提起訴願呢？,"您若是受行政處分之相對人或利害關係人，則可以提起訴願，例如：您若收到了本府建設局的裁處書記載您為受處分人，您若不服該對外發生法律效力的行政處分，可以提起訴願來救濟您的權利。
另外若您為法人或非法人之團體，則應由代表人或管理人為訴願行為。若為無訴願能力人(例如：未成年人)應由法定代理人(例如：未成年人之父母)代為訴願行為。"
提起訴願需要準備什麼資料？訴願書怎麼寫呢？,"若您要提起訴願，請填寫「訴願書」，再由訴願人或代理人(若無則免填)簽名或蓋章，依法須填寫的欄位如下，訴願書格式可至此下載(https://www.legal.taichung.gov.tw/332230/post)：(1)訴願人之姓名、出生年月日、住、居所、身分證明文件字號。如係法人或其他設有管理人或代表人之團體，其名稱、事務所或營業所及管理人或代表人之姓名、出生年月日、住、居所。(2)有訴願代理人者，其姓名、出生年月日、住、居所、身分證明文件字號。(3)原行政處分機關。(4)訴願請求事項。(5)訴願之事實及理由。(6)收受或知悉行政處分之年、月、日。(7)受理訴願之機關。(8)證據。其為文書者，應添具繕本或影本。(9)填寫訴願書之年、月、日。
如果您有收到原行政處分，請附原行政處分書影本。如果是人民依法申請之案件，行政機關超過法定期間應該做成處分卻不為處分，訴願書請載明「應為行政處分之機關」、「當初提出申請之年、月、日」，並附原申請書之影本及受理申請機關收受證明。"
"剛從大學畢業的社會新鮮人阿翰，抱著滿腔的熱情踏出校園，更希望能將所學貢獻於工作。阿翰發現九天行銷公司正在招募企劃人員，他覺得自己除了勇於面對挑戰、積極進取的個性外，也同時具有溫柔及細膩的特質，應該能夠勝任企劃這個職位；但進入面試階段時，面試主管未曾詢問他企劃相關的專業問題，而是不停地詢問阿翰星座、血型及性傾向等敏感的問題，讓阿翰心中感到非常不舒服。請問面試主管之行為是否構成就業歧視呢？
","一、就業服務法第5條第1項規定：「為保障國民就業機會平等，雇主對求職人或所僱用員工，不得以種族、階級、語言、思想、宗教、黨派、籍貫、出生地、性別、性傾向、年齡、婚姻、容貌、五官、身心障礙、星座、血型或以往工會會員身分為由，予以歧視；其他法律有明文規定者，從其規定。」。
二、就業服務法第65條規定：「（第1項）違反第5條第1項……規定者，處新臺幣（下同）30萬元以上150萬元以下罰鍰。……（第3項）違反第5條第1項規定經處以罰鍰者，直轄市、縣（市）主管機關應公布其姓名或名稱、負責人姓名，並限期令其改善；屆期未改善者，應按次處罰。」。
三、本案例中阿翰遇到面試主管詢問許多與其所應徵之企劃工作無關的問題，可以向勞動主管機關檢舉；主管機關調查後，如認定九天行銷公司確有涉及就業服務法第5條第1項所定就業歧視情形，得依法處罰九天行銷公司30萬元以上、150萬元以下罰鍰，並可以公布公司名稱及負責人姓名。重視職業平等，並避免就業歧視，讓剛踏出校園的社會新鮮人都能在相同的起跑點上，繼續奮力向前！"
訴願要向誰提起？訴願書需要親送嗎？,"訴願要向原來做成處分的機關提起，例如原來是由本府社會局認定您不符合低收入戶資格，那訴願就是向本府社會局提起，原處分機關收到訴願後會先自我審查，如果沒有撤銷或變更原處分的話就會將訴願書交由訴願管轄機關審理。
另外訴願書並不限於親自送件，亦可以郵寄方式辦理，不過提起訴願的日期是以原行政處分機關或受理訴願機關「收受」訴願書的日期為準，請您務必注意訴願提起的時間。"
訴願有沒有提起的期間？,提起訴願，應自行政處分達到或公告期滿之次日起30日內為之。又訴願之期間，要以原行政處分機關或受理訴願機關收受訴願書之日期為準。
訴願可以委任代理人嗎？,訴願人如因事務繁忙無法親自進行訴願程序，或需要具有專業知識人士協助，可以委任律師、依法令取得與訴願事件有關之代理人資格者、具有該訴願事件之專業知識者、因業務或職務關係為訴願人之代理人者或與訴願人有親戚關係者為代理人，進行訴願程序，例如撰寫訴願書、到場陳述意見或進行訴願言詞辯論程序等等，而且訴願程序中行政機關的各種文書或訴願決定將直接送達給訴願代理人，並且發生等同於送達給「訴願人本人」的效力。但必須在最開始為訴願行為時，向受理訴願機關提出委任書，委任書格式可至此下載(https://www.legal.taichung.gov.tw/332230/post)。
提起訴願後行政處分還有效嗎？,行政處分如果沒有經撤銷、廢止，或未因其他事由而失效，效力繼續存在。另外提起訴願並沒有停止行政處分執行的效力，若您認為原行政處分的合法性顯有疑義或原行政處分執行將發生難以回復之損害，且有急迫情事，並非為維護重大公共利益所必要，得申請停止執行。
提起訴願後我又收到了一些文件，該怎麼處理？,"一般來說，提起訴願案後會收到的文件可能有：
1.錄案通知：通知您已經受理案件，請耐心等待後續通知。
2.補正通知：通知您須補正事項，請務必依來文內容補正，以免影響您的權益。
3.原處分機關答辯書：您可以檢視原處分機關的理由是否合法妥適，視情況可提出訴願補充理由。
另外若您在訴願期間有補充訴願理由，亦可向本府提出。"
訴願程序中我可以做什麼？,"簡要列舉您提起訴願後可申請的事項，紙本申請書可至此下載(https://www.legal.taichung.gov.tw/332230/post)，以下事項皆可進行線上申請(https://appeal.taichung.gov.tw/)，不過請您注意，提出申請後本府得視有無正當理由決定是否同意。
申請閱覽卷宗：訴願人可以向受理訴願機關請求閱覽、抄錄、影印或攝影訴願卷宗內文書，或原行政處分機關據以處分之證據資料。但必須依規定繳納費用及遵守法令對於閱覽卷宗的相關規定。
申請陳述意見或言詞辯論：訴願人可以向受理訴願機關請求陳述意見或言詞辯論，機關若同意，則會通知您到指定處所陳述意見或言詞辯論。"
我多久可以知道訴願結果？,原則上本府會自最後收受訴願書、補充理由或補正文件之次日起算，3個月內會做成訴願決定；必要時得予延長一次(最長2個月)。若經機關通知補正，未補正者，則前面的期間自補正期間屆滿之次日起算。
訴願決定書的主文是什麼意思？,"訴願主文就是訴願案的結果，以最常見的三種來做簡要說明：
1.訴願不受理：訴願在程序上不合規定(例如有訴願法第77條情形)而不受理。
2.訴願駁回：通常是訴願沒有理由，因此駁回訴願，原處分的效力原則上不受訴願決定的影響。
3.原處分撤銷：訴願有理由，原處分被撤銷。但行政機關有可能依法再次做成其他處分。"
對於訴願決定不服，要怎麼辦？可以再提一次訴願嗎？,"如果收到訴願決定書，但不接受訴願決定結果；或者提起訴願超過3個月受理訴願機關還沒做成訴願決定；或雖然延長訴願決定期間，但超過2個月不為決定，訴願人可以得向行政法院提起行政訴訟，至於應該向哪個法院起訴，可以參看訴願決定書最後部分的救濟教示說明。
目前除適用簡易程序的行政訴訟事件(例如：40萬元以下罰鍰處分…等)(詳行政訴訟法第229條)，要以「地方法院行政訴訟庭」為第一審管轄法院。其他行政訴訟事件則以「高等行政法院」為第一審管轄法院，適用通常訴訟程序。
另外依據訴願法第77條第7款規定，對於已決定的訴願事件重行提起訴願，將不予受理。"
我提起的訴願，誰是管轄機關？是誰在審理及決定的呢？,"依照訴願法第4條規定，若是由本府所屬機關所作出的行政處分(例如：本府建設局依照臺中市道路挖掘管理自治條例裁處罰鍰)，則為本府所管轄的訴願案件。而本府所管轄的訴願案件皆經由「臺中市政府訴願審議委員會」審議，該委員會成員中包含社會公正人士、學者、專家…等，訴願案皆經由專業、公正之委員書面審查並以多數決做出決定。
如果做成的行政處分是以「臺中市政府」的名義作成(例如：本府依據公路法裁處罰鍰)，那訴願提出後會交由中央主管機關管轄(例如：公路法中央主管機關為交通部，該訴願為交通部所管轄)。"
我若對違反道路交通管理事件通知單不服，可以訴願嗎？要如何救濟？,道路交通管理處罰條例有規定特別的救濟方式，所以若不服道路交通管理事件通知單的舉發事實(例如：該條例第56條的違規停車…等)，是收到違反道路交通管理事件通知單後30日內，先向處罰機關陳述意見。如果還是不服裁決，則應於收到裁決30日內直接向管轄的地方法院行政訴訟庭提起訴訟，而不是依照訴願方式提起救濟。如提起訴願，將依訴願法的規定作成不受理之決定。
"阿田是一位好爸爸，每天任勞任怨的工作，就是為了讓老婆及2個小孩有一個穩定的生活。某天，阿田下班騎車回家時，與開著賓士轎車的阿龍相撞，沒想到紅燈違規右轉的阿龍竟然將肇事責任都推給阿田，對阿田提出鉅額賠償。正當阿田不知所措之際，阿花透過Line與阿田聯繫，阿花除表明自己是律師外，更告訴阿田可以幫忙處理車禍事宜，為阿田找回公道。阿田要如何確定阿花是真的律師，而不是假律師呢？
",1.法務部為防免假律師詐騙的案件再次發生，開放網上查詢律師資料系統，民眾只要連上法務部網站，進入法務部建置之「律師查詢系統」並輸入律師姓名、或身分証統一編號或證書字號即可查詢律師之性別、出生年份、律師證書號碼、登錄法院及登錄公會等資料。系統中更提供各地律師公會的聯絡電話，民眾亦可逕向各地律師公會查詢。2.另外，司法院已辦理「破壞司法信譽案件」專案，並建立檢舉管道，若遇有疑似「司法黃牛」或「冒牌律師」挑唆或包攬訴訟而收取費用者，得逕向各法院政風室提出檢舉。3.本案中，阿田可以先要求阿花出示律師證書正本或告知律師證書字號，再上網尋找「法務部律師查詢系統」進行確認，於系統中輸入阿花的姓名或律師證書字號，就可以確認阿花是否為真律師，另外，阿田也可以聯繫本地的律師公會，向公會查詢阿花是否有加入本地的律師公會。最後，如果確定阿花係假冒律師名義，詐取律師費用，阿田也可以向本地法院政風室檢舉，防免再有其民眾受騙。
"家庭主婦阿花是韓國零嘴「小雞麵」的狂熱愛好者，某天，阿花突發奇想，想藉由網路販賣「小雞麵」的方式，跟大家分享「小雞麵」的美好味道。阿花為吸引網民注意，上網擷取美食網紅小草所拍攝的「小雞麵」美照，作為自己架設的網購網頁宣傳照。因受「小雞麵」美照吸引，阿花販賣的「小雞麵」銷售量直線上升，阿花也非常高興能將「小雞麵」的好味道推廣出去。然而，小草某天上網瀏覽時，赫然發現阿花未經同意使用他拍攝的照片，憤怒之下，對阿花提起告訴。請問阿花的行為是否有法律上之責任？
",1.「小雞麵」美照是網紅小草自行編排場景，並加以拍攝的照片，所以「小雞麵」美照係小草的攝影著作，小草對「小雞麵」美照的著作權受到著作權法的保護。2.按著作權法第88條第1項規定，因故意或過失不法侵害他人之著作財產權或製版權者，負損害賠償責任。第91條第1項規定，擅自以重製之方法侵害他人之著作財產權者，處3年以下有期徒刑、拘役，或科或併科新臺幣75萬元以下罰金。3.本案中，阿花未經小草的同意就擷取小草的攝影作品使用，已經侵害小草的著作財產權，依著作權法規定，阿花除須負民事上的損害賠償責任，更須負3年以下有期徒刑、拘役，或科或併科新臺幣75萬元以下罰金的刑事責任。
如果買賣房子買到兇宅如何是好？,"參考內政部訂定的不動產說明書應記載及不得記載事項，明確規定成屋應記載房屋專有部分在產權持有期間是否發生兇殺、自殺、一氧化碳中毐或其他非自然死亡情形。
屋內是否曾發生有人自殺致死的情形，是房屋交易的重要資訊，影響房屋的交易價值甚大，應認屬於交易上重大瑕疵而為出賣人物的瑕疵擔保責任範圍，故不論出賣人是否明知該事實，都不能免除物的瑕疵擔保責任，買方可依民法規定，在交屋5年內，解除契約或請求減少價金。
民法第354條第1項、第359條、第365條規定。"
租屋發生租賃物修繕問題怎麼辦？,"先看雙方所簽訂租約內容是否有約定，約定房客修繕，就是房客要負責；若約定由房東負責修繕或無約定，則由房東負責。至於修繕費用由誰來負擔 ，則要釐清物品壞掉原因，如果租賃物（如冷氣）使用久遠非人為因素破壞，則房東應負擔修繕費用。
若為房東因素，房東遲未修繕，房客可以先存證信函定相當期間催告房東修繕，如房東於期限內仍不為修繕，房客可以從應付的租金扣抵修繕費用。
民法第423條、第429條第1項、第430條、第432條第1項及第437條規定。"
旅遊學習出發前，消費者是否可以任意解除契約？,1.消費者於旅遊學習活動開始前得解除契約，但應繳交行政規費，並依下列標準賠償遊學服務業者的損失：消費者通知解約時間消費者賠償遊學服務業者的損失遊學開始前31日以前旅遊學習費用的10%遊學開始前21日至30日以內旅遊學習費用的20%遊學開始前2日至20日以內旅遊學習費用的30%遊學開始前1日旅遊學習費用的50%遊學開始日或開始後旅遊學習費用的100%2.前面作為賠償計算基準的旅遊學習費用，應以旅遊學習費用總額扣除遊學服務業者所收的報酬及支出的行政規費後計算之。
買到過期食品、問題食品、該怎麼辦？,1.依消費者保護法第7條及第8條的規定，業者應確保對其所提供的商品或服務，無安全或衛生上的危險應負無過失責任；且業者也必須對商品的瑕疵負起連帶賠償的責任。2.如果不小心買到過期食品，或是買回的食品發現有異樣，消費者可以將該食品連同購買證明（例如發票等），攜回原購物地點要求退換貨；並向當地縣市政府衛生單位檢舉，若情況嚴重且有必要時，衛生單位還會要求業者全面回收。
小明與小華是大學同學，大學畢業後因兩情相悅，懷有一子A，後來因故雙方並未結婚，由小華負責撫養A子，A子7個月大時，小明依法認領A子，且雙方約定A子之權利義務之行使或負擔由小明與小華共同任之，但後來小華發送LINE訊息或撥打電話給小明均不予理會，迄今無任何聯繫，自此小明對未成年A子不聞不問，未成年A子由小華單獨扶養照顧。請問小華可否向法院請求改定未成年A子之權利義務之行使或負擔？法院將會如可考量？,（1）	民法有關改定親權之相關規定：按非婚生子女經認領者，關於未成年子女權利義務之行使或負擔，準用民法第1055條、第1055條之1 及第1055條之2 之規定，民法第1069條之1定有明文。次按夫妻離婚者，對於未成年子女權利義務之行使或負擔，依協議由一方或雙方共同任之；前項協議不利於子女者，法院得依主管機關、社會福利機構或其他利害關係人之請求或依職權為子女之利益改定之；行使、負擔權利義務之一方未盡保護教養之義務或對未成年子女有不利之情事者，他方、未成年子女、主管機關、社會福利機構或其他利害關係人得為子女之利益，請求法院改定之；前三項情形，法院得依請求或依職權，為子女之利益酌定權利義務行使負擔之內容及方法，民法第1055條第1項前段及第2、3、4項分別定有明文。又按法院為前條裁判時，應依子女之最佳利益，審酌一切情狀，尤應注意下列事項：一、子女之年齡、性別、人數及健康情形。二、子女之意願及人格發展之需要。三、父母之年齡、職業、品行、健康情形、經濟能力及生活狀況。四、父母保護教養子女之意願及態度。五、父母子女間或未成年子女與其他共同生活之人間之感情狀況。六、父母之一方是否有妨礙他方對未成年子女權利義務行使負擔之行為。七、各族群之傳統習俗、文化及價值觀。前項子女最佳利益之審酌，法院除得參考社工人員之訪視報告或家事調查官之調查報告外，並得依囑託警察機關、稅捐機關、金融機構、學校及其他有關機關、團體或具有相關專業知識之適當人士就特定事項調查之結認定之，民法第1055條之1 亦有明文。（2）本案例未成年A子長期由小華負擔實際照顧責任，由小華加以關懷、保護，持續至今，小華實已擔任A子『主要養育者』角色，且未成年A子於小華養育、照顧期間受照顧狀況良好，若生活環境驟然改變，對未成年A子身心恐生適應上之不利影響，小華亦無其他不良習性，則由小華擔任未成年A子之權利義務之行使或負擔，應屬適當，亦符合未成年子女之最佳利益。從而，小華請求法院對於兩造所生未成年A子權利義務之行使或負擔，改定由小華任之，應為有理由。
妻因被夫毆打，法院核發保護令且離家數日，期間未照顧小孩和家庭，夫能以此訴請離婚嗎？,	按夫妻之一方以惡意遺棄他方在繼續狀態中，他方得向法院請求離婚，民法第1052條第1項第5款定有明文。次按夫妻互負同居之義務。但有不能同居之正當理由者，不在此限。同法第1001條亦有明定。妻聲請保護令，如有正當理由而離家（例如：主張被毆打，有證人及驗傷單等等），將不會構成民法第1052條第1項第5款之規定，故夫嘗試以妻子不照顧孩子及家庭為由訴請離婚，則不會被法院所准許。至於妻因夫對其有家庭暴力（毆打）行為，聲請法院核發通常保護令，妻因而暫時離家，且於保護令有效期間內拒絕返回夫妻共同住所與夫同居，尚難謂無正當理由。惟假設上開保護令有效期間自106年6月5日起失效，且夫之毆打行為之情節並非嚴重，妻除有其他正當事由，自應履行同居義務，故夫至少必須等到保護令所記載之期間已經超過，並再次請妻返家，屆時若妻仍不願返家，才能再訴請離婚，或是2人協議離婚。如果妻於保護令期間經過後仍不願返家，最好先對妻提起「請求履行同居義務」之訴，待法院判決勝訴確定後，若妻子仍不願返家，再以民法第1052條第1項第5款之規定「惡意遺棄」為由訴請離婚。但提醒大家，切勿再度使用精神上或肢體上之任何暴力行為解決問題，才有改善夫妻婚姻關係的機會。
小華帶小朋友至某餐廳用餐，該餐廳對於身高110公分以下或6歲以下之孩童訂有兒童優惠價，由於其小朋友未滿6歲，身高雖已逾110公分，認為餐廳業者針對其小朋友部分應該以兒童優惠價結帳，但餐廳堅持其已明白公告優惠條件，且該小朋友身高明顯已逾110公分，自可收取全額費用，請問誰的主張有道理？,依兒童及少年福利與權益保障法第33條規定，國內大眾交通運輸、文教設施、風景區與康樂場所等場所，應以年齡做為未滿12歲之兒童優惠措施認定。因此過去以身高作為兒童優惠措施標準，使得同等年紀但因發育較好，長得較高的兒童卻不能享受優惠措施之不合理情況已逐漸獲得改善。但由於法規並未規範到餐廳，因此目前餐廳業者對於兒童優惠措施認定標準並不一致，有的採身高，有的採年齡，有的兩者兼採，且縱使採身高認定，各餐廳對於兒童的身高亦無統一標準，使得類似糾紛時有所聞。由於目前法規並未強制要求餐廳業者應以年齡做為兒童優惠措施之認定標準，所以業者以身高、年齡或兼採兩者標準為認定並非違法，消費者在用餐前可先於業者官網或電洽業者採取何種兒童優惠條件，並據以選擇進行消費之餐廳。
小美在家接到數位教材行銷電話，業務員告知國中全科3年並搭配真人諮詢服務，每月只要2900元，分期3年，坊間補習單科每月學費就超過3000元，數位教材在家學習，經濟實惠，十分划算。小美覺得心動，同意訂購，業者隔日就派專人將安裝數位教材，並將所有教材提供給小美，初期時常關心小美家的學習狀況，但漸漸的就沒關心電話。2個月後，小美發現小孩的學習狀況不好，成績反而退步，小美覺得數位教材的學習方式不適合自己的小孩，告訴業者要退貨，但業者卻表示已逾7日猶豫期，拒絕退貨，請問小美該怎麼辦？,目前教材糾紛中，常見消費者尋求協助的事由：1、兒童使用意願不高：由於目前教材業者多已不採分次給付教材的方式，而是以一次性提供電腦硬碟及相關書籍，且該硬碟不需上網即可觀看，因此雖然業者提供分期付款（通常是分期「貸款」），但不代表消費者可以中途喊停，換言之，數位教材與一般補習服務是全然的不同，實體補習課程依法可中途終止契約，但數位教材是一次性給付，如同分期購買車輛，無法以孩童使用效果不佳或不願意使用教材而主張退回商品或停止付款。2、說好的課輔服務：有些業者推銷教材時會搭配真人諮詢服務，甚至是到家家教的課輔老師，但專人諮詢服務往往是「電話」諮詢服務，課輔服務通常是有時數限制，因此如果業者表示有諮詢服務，消費者應該要詢問清楚諮詢服務的方式與時間，並且需載明於契約上，避免事後陷入雙方各說各話的窘境。3、分期貸款費用過高，無法負擔：消費者於簽署教材訂購單時，應評估自身財力狀況，勿以「單一分期之費用」為財力評估，而應以應繳之總額以及能否「長期」、「持續」繳納該筆貸款為考量，應該要多加思考，並與家人好好溝通，切勿衝動購物。業者教材推銷的方式推陳出新，消費者務必「停、看、聽」，「停」—不要衝動購物，；「看」—仔細詳閱契約再簽約；「聽」—多多蒐集相關業者資訊，了解業者評價。購買數位教材務必要審慎思考，把握訪問買賣7日猶豫期解約退貨權益，莫讓「省錢」變成「花大錢」，徒生消費爭議困擾。
小明為增進自身外語能力，報名某家短期美語補習班近5萬元的美語課程，修業期間自104年8月1日至105年7月31日，後因工作繁忙已無心力進修課程，自104年10月起陸續請假未上課，實際僅上課僅5堂課，並於105年12月以電話告知當初課程招攬業務員欲解除契約。惟補習班以消極態度推拖，遲遲未回應退費小明之訴求，直至小明向消保官提出申訴後，補習班始以小明提出消費申訴之日認定為解約日期，請問小明該怎麼辦？,目前補習糾紛中，常見消費者爭執點： 1、補習班僅能就實際有上課部分收取學費？!    學員報名補習班後離班，補習班應如何退費，須依各縣市政府相關法規之規定。案例中之補習班如設址於臺中，且小明報名的修業期限長達1年，則應依臺中市短期補習班管理規則第27條第3項及第36條第1項及第3項規定辦理退費。另須提醒並注意的，學員如果有翹課或請假的情形，因補習班已提供課程服務，係屬學員自行放棄上課權益，故翹課或請假仍應算入已上課（業者已提供服務）之期間，因此案例中小明雖自105年10月起已陸續請假未上課，但直至終止契約的這段期間仍應算入上課期間之比例中。2、電話告知補習班不補了？! 消費者雖僅以電話通知業者終止契約，但此終止契約之意思表示傳達至業者時，即生效力，但以電話表達終止之意，並無法留下具體傳達解約之證據，故當補習班否認收到學員終止契約通知時，將使學員面臨舉證上的困難，在費用退還上也將遭受重大不利益。因此提醒學員，補習退費終止契約日期影響退費權益重大，終止契約意思表示宜以郵局存證信函或書面掛號等方式傳達，儘量保留確切終止契約證據，避免發生類似紛爭。備註：1、	臺中市短期補習班管理規則第27條 ：補習班修業期限為一個月至一年六個月。前項修業期限超過六個月未滿一年者，應分為二期；逾一年者，應分為三期，每期不得逾六個月。授課時數每班每週不得逾四十四節，授課時間每節以五十分鐘為原則。補習班招生、收費及課程，應依前項各期分別為之。2、	臺中市短期補習班管理規則第36條 ：補習班學生繳納費用後離班者，補習班應依下列規定辦理退費： 一、學生於開課日三十日前提出退費申請者，退還當期開班約定繳納費用總額百分之九十五，惟補習班所收取之百分之五部分最高不得超過新臺幣一千元。 二、學生於開課日前三十日內提出退費申請者，退還當期開班約定繳納費用總額百分之九十。三、學生於實際開課日起至第十日前，且未逾全期（或總課程時數）三分之一期間內提出退費申請者，退還當期開班約定繳納費用總額百分之八十。四、學生於實際開課日第十日起且未逾全期（或總課程時數）三分之一期間內提出退費申請者，退還約定繳納費用百分之六十。五、學生於全期（或總課程時數）三分之一以上且未逾全期(或總課程時數)二分之一期間內提出退費申請者，退還約定繳納費用百分之四十。六、學生於全期（或總課程時數）二分之一以上提出退費申請者，所收取之當期費用得全數不予退還。補習班於實際開課日後提供免費課程之時數，應納入學習總時數計算，並依前項各款方式辦理退費；所送免費課程為終身者，以十五年計算。實際開課日前提供免費課程之時數，不予計入亦不得收費。補習班違反第二十七條第三項規定預收費用者，其預收部分在該期開課前應全額退還。第一項約定繳納費用總額，不得扣除補習班訂定之報名費、訂位金或其他收費項目。補習班所收取之代辦費應全額退還。但已購置成品者，發給成品。課程開始後始報名插班者，應以報名後該課程最近一次上課日作為第一項所稱開課日，並以該課程剩餘期間作為總課程時數。但契約另定第一次上課日者，從其約定。學生課程權益（時數、堂數或期間等）之認定，依雙方約定為準；未約定者，依實際開課情形認定。學生僅繳納定金，於開課前即離班者，補習班不得要求其補足補習班依第一項第一款至第二款規定得扣除之學費不足額部分。
小華於民國84年6月10日與小明結婚，結婚後10年後，小華因被公司資遣無工作迄今，並在外積欠債務，但小明與小華在婚後於90年購現住之A房地供居住之用，小明之債權人經常上門討債，小華擔心A房地不保，請問小華的A房地是否會被小明的債權人賣掉？,1.	夫妻財產制小明與小華因為結婚前或結婚後沒有辦理夫妻財產制登記，故以法定財產制為其夫妻財產制（92年以前為聯合財產制，現行為所得分配制）。2.登記夫或妻名義之不動產歸屬何人？74年06月04日修正民法以前，妻子名下之不動產除了妻之原有財產外，原則上推定屬於夫所有，但自從民法親屬編施行法第 6-1 條修正規定緩衝期間後，產權歸屬明確，以夫或妻產權歸屬以登記名義人為準，故小華不用擔心登記在她名下之財產被小明的債權人拍賣掉。2.	民法親屬編施行法第 6-1 條之規定：中華民國七十四年六月四日以前結婚，並適用聯合財產制之夫妻，於婚姻關係存續中以妻之名義在同日以前取得不動產，而有左列情形之一者，於本施行法中華民國八十五年九月六日修正生效一年後，適用中華民國七十四年民法親屬編修正後之第一千零十七條規定：一、婚姻關係尚存續中且該不動產仍以妻之名義登記者。二、夫妻已離婚而該不動產仍以妻之名義登記者。故74年06月04日以前結婚，並適用聯合財產制之夫妻，於婚姻關係存續中以妻之名義在同日以前取得不動產，得由夫妻重定財產歸屬，緩衝期為85年09月06日起一年內，可向不動產所屬地政機關辦理夫妻聯合財產更名登記，如夫妻未於緩衝期內辦理更名登記，則登記為妻名義之不動產屬妻所有。
小華於民國84年6月10日與小明結婚，結婚後10年後，小華因被公司資遣無工作迄今，並在外積欠債務，但小華決定與小明離婚，請問小華應該怎麼做？,我國民法離婚方式：1.「協議離婚」：協議（兩願）離婚最為單純，只要夫妻雙方達成離婚協議，並有兩個以上證人，至戶政機關辦理離婚登記，即可使離婚生效，當然離婚協書內可約定【子女監護權】、【子女探視權】、【子女扶養費】、【財產分配】等，2. 「判決離婚」：而判決（裁判）離婚部分，則是針對夫妻雙方無法達成共識的情況下，由夫妻之一方向法院提起訴訟，然必須符合民法 1052 條之離婚條件，以訴訟方式由法院判決達到離婚目的，民法 1052 條第一項列有十大離婚條件（1.重婚。2.與配偶以外之人合意性交。3.夫妻之一方對他方為不堪同居之虐待。4.夫妻之一方對他方之直系親屬為虐待，或夫妻一方之直系親屬對他方為虐待，致不堪為共同生活。5.夫妻之一方以惡意遺棄他方在繼續狀態中。6.夫妻之一方意圖殺害他方。7.有不治之惡疾。8.有重大不治之精神病。9.生死不明已逾三年。10.因故意犯罪，經判處有期徒刑逾六個月確定），而1052 條第二項的『前項以外之重大事由，難以維持婚姻者，夫妻之一方得請求離婚有…』目前則引用較多。3.法院調解離婚根據民法第1052條之1「經法院調解或和解成立者，婚姻關係即行消滅。」離婚訴訟經過法院調解或和解成立者，作成調解或和解筆錄時，和確定裁判有相同的效力，婚姻關係消滅。在法院的家事調解庭調解成功的雙方，不需要再到戶政事務所辦理離婚登記。惟各區公所調解委員會並無受理離婚事件，僅法院始能成立調解離婚。
我沒有錢，可以打官司嗎？,財團法人法律扶助基金會可以為您找律師出庭打官司，並且幫您出律師費，可以為您寫法律狀紙，可以為您協助調解官司糾紛；而且全國各地都有分會。
我是犯罪被害人，可以請領犯罪被害補償金？,犯罪被害補償金只適用於因他人犯罪而被害死亡或重傷（請參照刑法第十條第四項之規定）以及修法後新納入之性侵害、家庭暴力、人口販運、兒童及少年、外籍配偶或勞工被害人，常見的詐欺、背信等案件並不在此列。如有相關問題可洽財團法人犯罪被害人保護協會臺灣臺中分會，地址：臺中市西區自由路1段91號5樓，電話：（04）2224-7765
請問犯罪被害補償金的種類及金額各為多少？,共分為三類：遺屬補償金（可請領醫療費40萬元、殯葬費30萬元、法定扶養費100萬元、精神慰撫金40萬元）；重傷補償金（可請領醫療費40萬元、喪失或減少勞動能力或增加之生活上需要100萬元、精神慰撫金40萬元）；性侵害補償金（可請領醫療費40萬元、喪失或減少勞動能力或增加之生活上需要100萬元、精神慰撫金40萬元）。※上述金額為法定最高金額，實際核發金額由地檢署審議委員會依法決定；如有相關問題可洽財團法人犯罪被害人保護協會臺灣臺中分會，地址：臺中市西區自由路1段91號5樓，電話：（04）2224-7765
「行政執行」是什麼意思?臺中市政府法制局行政執行科主要業務為何?,(一)依行政執行法第2條規定，行政執行包括「公法上金錢給付義務之強制執行」、「行為或不行為義務之強制執行」及「即時強制」。有關「公法上金錢給付義務之強制執行」，係由法務部行政執行署執行之；其餘行政執行則由原處分機關或該管行政機關為之。(二)臺中市政府法制局係受臺中市政府民政局、財政局、教育局、經濟發展局、建設局、交通局、都市發展局、水利局、農業局、觀光旅遊局、社會局、勞工局、文化局、地政局、新聞局、原住民事務委員會、消防局、衛生局及秘書處等19個機關委託辦理行政罰鍰移送法務部行政執行署強制執行業務。也就是說，本府民政局等19個機關作成行政罰鍰裁處書後，如受處分人未依法繳納罰鍰，原處分機關即將該案件送交法制局移送法務部行政執行署強制執行受處分人之財產。
為何法務部行政執行分署執行通知書上之應繳納金額會比原處分機關裁處書之罰鍰金額多?,各行政執行分署所執行之案件皆是已經超過繳納期限之案件，執行通知書除命義務人繳納原罰鍰金額外，尚會依個案所適用之法規依法加收滯納金、滯納利息或執行必要費用(如郵資、鑑價費)等，因此通知繳納之金額會較原裁處罰鍰金額為高。
義務人若無法一次繳清罰鍰，可否辦理分期繳納?如何辦理?,行政罰鍰案件未移送法務部行政執行分署執行前：義務人得以書面向原處分機關申請分期繳納，並檢附證據敘明因經濟狀況或因天災、事變致遭受重大財產損失，無法一次繳清罰鍰，原處分機關得酌情核准分期繳納。(臺中市政府所屬各機關學校行政罰鍰案件作業要點第9點)行政罰鍰案件已移送法務部行政執行分署執行後：義務人得向行政執行分署申請分期繳納，並釋明因經濟狀況或因天災、事變致遭受重大財產損失，無法一次繳清款項（罰鍰及執行費用等），經移送機關同意後，行政執行分署得酌情核准分期繳納。(行政執行法施行細則第27條、行政執行事件核准分期繳納執行金額實施要點)
對於法務部行政執行分署之執行程序不服，應如何救濟?,1.義務人或利害關係人對於行政執行分署之執行命令、執行方法、應遵守之程序或其他侵害利益之情事不服者，得於執行程序終結前，向行政執行分署聲明異議。該分署如認異議有理由者，應即停止執行，並撤銷或更正已為之執行行為；如認異議無理由者，應於10日內加具意見，送行政執行署於30日內決定之。行政執行，除法律另有規定外，不因聲明異議而停止執行，但該分署因必要情形，得依職權或申請停止之。(行政執行法第9條) 2.至於義務人若不服作為執行名義之原行政罰鍰處分，因涉及實體爭議，應依法另循訴願、行政訴訟等程序請求救濟。(訴願法第1條)
